word,seat,tiles,sounds,source,in,note
-,,-,silent,expert,text,no seat to rule by - expert decides; the l48-01 dash artifact - punctuation is never a spoken tile
a,4,a,schwa_a,engine,bank+seat+text,
action,95,a-c-ti-o-n,short_a k sh schwa n,expert expert expert expert expert,seat+text,open-syllable candidate at 72+ - expert decides the vowel; likely-tier accepted: -tion o is schwa
adventure,96,a-d-v-e-n-tu-re,short_a d v short_e n ch er,engine engine engine engine engine engine engine,seat+text,open-syllable candidate at 72+ - expert decides the vowel
aesop,,a-e-s-o-p,long_e silent s short_o p,expert expert expert expert expert,text,
all,56,al-l,aw l,engine engine,seat+text,
alphabet,91,a-l-ph-a-b-e-t,short_a l f short_a b short_e t,engine engine engine engine engine engine engine,seat,open-syllable candidate at 72+ - expert decides the vowel
am,5,a-m,short_a m,engine engine,bank+seat+text,
amused,,a-m-u-s-e-d,short_a m long_u z silent d,expert expert expert expert expert expert,text,
an,1,a-n,short_a n,engine engine,bank+seat+text,
anchor,94,a-n-ch-or,short_a ng k er,engine engine engine engine,bank+seat+text,open-syllable candidate at 72+ - expert decides the vowel
ancient,95,a-n-ci-e-n-t,long_a n sh short_e n t,expert expert expert expert expert expert,seat+text,open-syllable candidate at 72+ - expert decides the vowel
and,8,a-n-d,short_a n d,engine engine engine,bank+seat+text,
animal,13,a-n-i-m-a-l,short_a n short_i m short_a l,engine engine engine engine engine engine,seat,
another,38,a-n-o-th-er,short_a n short_u th_this er,expert expert expert expert expert,seat+text,
ant,1,a-n-t,short_a n t,engine engine engine,bank+seat+text,
apple,48,a-pp-le,short_a p l,engine engine engine,seat+text,
apron,72,a-p-r-o-n,long_a p r schwa n,expert expert expert expert expert,seat+text,open-syllable candidate at 72+ - expert decides the vowel
are,16,are,ar,engine,bank+seat+text,
arm,79,ar-m,ar m,engine engine,seat+text,
around,79,ar-ou-n-d,er ow n d,expert expert expert expert,seat+text,judgment-call accepted: unstressed ar as er
as,1,a-s,short_a z,engine engine,bank+seat+text,
ask,16,a-s-k,short_a s k,engine engine engine,bank+seat+text,
asked,43,a-s-k-e-d,short_a s k silent t,expert expert expert expert expert,seat+text,"the -ed of level 43: voiceless stem, e silent, d says t"
at,1,a-t,short_a t,engine engine,bank+seat+text,
ate,57,a-t-e,long_a t silent,engine engine engine,seat+text,
away,82,a-w-ay,schwa w long_a,expert expert expert,seat+text,tiling corrected: aw must not eat the sounded w
awful,98,aw-f-u-l,aw f short_u l,engine engine engine engine,seat,
ax,18,a-x,short_a x,engine engine,bank+seat+text,
babies,63,b-a-b-ie-s,b long_a b long_e z,expert expert expert expert expert,seat,
baby,72,b-a-b-y,b long_a b long_e,expert expert expert expert,seat+text,open-syllable candidate at 72+ - expert decides the vowel
back,26,b-a-ck,b short_a k,engine engine engine,bank+seat+text,
backpack,39,b-a-ck-p-a-ck,b short_a k p short_a k,engine engine engine engine engine engine,seat+text,
bacon,72,b-a-c-o-n,b long_a k schwa n,expert expert expert expert expert,seat+text,open-syllable candidate at 72+ - expert decides the vowel
bad,12,b-a-d,b short_a d,engine engine engine,bank+seat+text,
badge,88,b-a-dge,b short_a j,engine engine engine,seat+text,
bag,12,b-a-g,b short_a g,engine engine engine,bank+seat+text,
banana,54,b-a-n-a-n-a,b short_a n short_a n short_a,engine engine engine engine engine engine,seat+text,
band,31,b-a-n-d,b short_a n d,engine engine engine engine,bank+seat+text,
bang,28,b-a-ng,b short_a ng,engine engine engine,bank+seat+text,
bank,31,b-a-n-k,b short_a n k,engine engine engine engine,seat+text,
barn,79,b-ar-n,b ar n,engine engine engine,seat+text,
bash,56,b-a-sh,b short_a sh,engine engine engine,bank+seat,
bat,12,b-a-t,b short_a t,engine engine engine,bank+seat+text,
bath,24,b-a-th,b short_a th_quiet,engine engine engine,bank+seat+text,
bathtub,24,b-a-th-t-u-b,b short_a th_quiet t short_u b,engine engine engine engine engine engine,seat,
be,10,b-e,b long_e,engine engine,bank+seat+text,
bed,12,b-e-d,b short_e d,engine engine engine,bank+seat+text,
behind,68,b-e-h-i-n-d,b short_e h long_i n d,engine engine engine lesson-68 engine engine,seat+text,
bell,56,b-e-ll,b short_e l,engine engine engine,bank+seat,
belt,31,b-e-l-t,b short_e l t,engine engine engine engine,bank+seat+text,
belts,32,b-e-l-t-s,b short_e l t s,engine engine engine engine engine,seat,
ben,,b-e-n,b short_e n,engine engine engine,text,
bench,23,b-e-n-ch,b short_e n ch,engine engine engine engine,seat,
benches,23,b-e-n-ch-e-s,b short_e n ch short_e z,expert expert expert expert expert expert,seat,final s buzzes to z after a voiced sound
bend,31,b-e-n-d,b short_e n d,engine engine engine engine,bank+seat,
besides,54,b-e-s-i-d-e-s,b short_e s long_i d silent z,expert expert expert expert expert expert expert,seat+text,
best,12,b-e-s-t,b short_e s t,engine engine engine engine,bank+seat+text,
bet,12,b-e-t,b short_e t,engine engine engine,bank+seat,
bib,12,b-i-b,b short_i b,engine engine engine,bank+seat+text,
big,12,b-i-g,b short_i g,engine engine engine,bank+seat+text,
biggest,46,b-i-gg-e-s-t,b short_i g short_e s t,engine engine engine engine engine engine,seat,
bill,21,b-i-ll,b short_i l,engine engine engine,seat+text,
bin,12,b-i-n,b short_i n,engine engine engine,bank+seat+text,
bird,83,b-ir-d,b er d,engine engine engine,seat,
birds,83,b-ir-d-s,b er d z,expert expert expert expert,seat+text,final s buzzes to z after a voiced sound
bit,12,b-i-t,b short_i t,engine engine engine,bank+seat+text,
bite,66,b-i-t-e,b long_i t silent,engine engine engine engine,seat+text,
biting,73,b-i-t-i-ng,b long_i t short_i ng,expert expert expert expert expert,seat+text,open-syllable candidate at 72+ - expert decides the vowel
black,26,b-l-a-ck,b l short_a k,engine engine engine engine,bank+seat+text,
blend,35,b-l-e-n-d,b l short_e n d,engine engine engine engine engine,seat,
blind,35,b-l-i-n-d,b l long_i n d,expert expert expert expert expert,seat,
blue,76,b-l-ue,b l oo_moon,engine engine engine,seat+text,
boil,78,b-oi-l,b oi l,engine engine engine,seat,
book,75,b-oo-k,b oo_book k,engine seat-rule engine,seat+text,
born,81,b-or-n,b or n,engine engine engine,seat+text,
boss,56,b-o-ss,b short_o s,engine engine engine,bank+seat,
bought,92,b-ough-t,b aw t,engine seat-rule engine,seat+text,
box,18,b-o-x,b short_o x,engine engine engine,bank+seat+text,
boxes,47,b-o-x-e-s,b short_o x short_e z,expert expert expert expert expert,seat+text,final s buzzes to z after a voiced sound
boy,78,b-oy,b oi,engine engine,seat+text,
branches,23,b-r-a-n-ch-e-s,b r short_a n ch short_e z,expert expert expert expert expert expert expert,seat,final s buzzes to z after a voiced sound
bread,69,b-r-ea-d,b r short_e d,engine engine seat-rule engine,seat+text,
breakfast,69,b-r-ea-k-f-a-s-t,b r short_e k f short_a s t,engine engine seat-rule engine engine engine engine engine,seat+text,
bridge,88,b-r-i-dge,b r short_i j,engine engine engine engine,seat+text,
brief,63,b-r-ie-f,b r long_e f,engine engine seat-rule engine,seat,
bright,67,b-r-igh-t,b r long_i t,engine engine engine engine,seat+text,
bring,28,b-r-i-ng,b r short_i ng,engine engine engine engine,seat+text,
broke,64,b-r-o-k-e,b r long_o k silent,engine engine engine engine engine,seat+text,
brother,25,b-r-o-th-er,b r short_u th_this er,expert expert expert expert expert,seat+text,
brought,92,b-r-ough-t,b r aw t,engine engine seat-rule engine,seat+text,
brush,22,b-r-u-sh,b r short_u sh,engine engine engine engine,seat+text,
brushed,43,b-r-u-sh-e-d,b r short_u sh silent t,expert expert expert expert expert expert,seat+text,"the -ed of level 43: voiceless stem, e silent, d says t"
brushes,47,b-r-u-sh-e-s,b r short_u sh short_e z,expert expert expert expert expert expert,seat+text,final s buzzes to z after a voiced sound
brushing,37,b-r-u-sh-i-ng,b r short_u sh short_i ng,engine engine engine engine engine engine,seat+text,
bubble,48,b-u-bb-le,b short_u b l,engine engine engine engine,seat+text,
buck,60,b-u-ck,b short_u k,engine engine engine,bank+seat+text,
bucket,42,b-u-ck-e-t,b short_u k short_e t,engine engine engine engine engine,seat+text,
bud,60,b-u-d,b short_u d,engine engine engine,bank+seat,
bug,14,b-u-g,b short_u g,engine engine engine,bank+seat+text,
bugs,14,b-u-g-s,b short_u g z,engine engine engine engine,bank+seat+text,
bun,60,b-u-n,b short_u n,engine engine engine,bank+seat+text,
burn,83,b-ur-n,b er n,engine engine engine,seat+text,
bus,20,b-u-s,b short_u s,engine engine engine,bank+seat+text,
buses,41,b-u-s-e-s,b short_u s short_e z,expert expert expert expert expert,seat,final s buzzes to z after a voiced sound
bush,60,b-u-sh,b oo_book sh,engine engine engine,bank+seat+text,
bustle,93,b-u-s-tle,b short_u s l,engine engine engine engine,seat+text,open-syllable candidate at 72+ - expert decides the vowel
but,14,b-u-t,b short_u t,engine engine engine,bank+seat+text,
butter,46,b-u-tt-er,b short_u t er,engine engine engine engine,seat,
butterfly,52,b-u-tt-er-f-l-y,b short_u t er f l long_i,expert expert expert expert expert expert expert,seat,-fly says long i; the final-y position rule misfired on a compound
buzz,21,b-u-zz,b short_u z,engine engine engine,bank+seat+text,
buzzed,44,b-u-zz-e-d,b short_u z silent d,expert expert expert expert expert,seat,"the -ed of level 44: voiced stem, e silent, d stays d"
by,52,b-y,b long_i,engine position,seat+text,
cab,12,c-a-b,k short_a b,engine engine engine,bank+seat+text,
cage,,c-a-ge,k long_a j,engine engine engine,text,
cake,57,c-a-k-e,k long_a k silent,engine engine engine engine,seat+text,
cakes,57,c-a-k-e-s,k long_a k silent s,expert expert expert expert expert,seat+text,
came,57,c-a-m-e,k long_a m silent,engine engine engine engine,seat+text,
camp,5,c-a-m-p,k short_a m p,engine engine engine engine,bank+seat+text,
can,4,c-a-n,k short_a n,engine engine engine,bank+seat+text,
candle,48,c-a-n-d-le,k short_a n d l,engine engine engine engine engine,seat,
cap,4,c-a-p,k short_a p,engine engine engine,bank+seat+text,
capture,96,c-a-p-tu-re,k short_a p ch er,engine engine engine engine engine,seat+text,open-syllable candidate at 72+ - expert decides the vowel
car,79,c-ar,k ar,engine engine,seat+text,
card,79,c-ar-d,k ar d,engine engine engine,seat,
careful,85,c-are-f-u-l,k air f short_u l,engine engine engine engine engine,seat+text,
careless,85,c-are-l-e-ss,k air l short_e s,engine engine engine engine engine,seat+text,
cars,79,c-ar-s,k ar z,expert expert expert,seat,final s buzzes to z after a voiced sound
cash,70,c-a-sh,k short_a sh,engine engine engine,bank+seat+text,
castle,93,c-a-s-tle,k short_a s l,engine engine engine engine,seat+text,open-syllable candidate at 72+ - expert decides the vowel
cat,4,c-a-t,k short_a t,engine engine engine,bank+seat+text,
catch,88,c-a-tch,k short_a ch,engine engine engine,seat+text,
catnip,4,c-a-t-n-i-p,k short_a t n short_i p,engine engine engine engine engine engine,seat,
cats,6,c-a-t-s,k short_a t s,engine engine engine engine,bank+seat+text,
caught,82,c-augh-t,k aw t,engine engine engine,seat+text,
cent,87,c-e-n-t,s short_e n t,position engine engine engine,seat,
charm,79,ch-ar-m,ch ar m,engine engine engine,seat,
chat,23,ch-a-t,ch short_a t,engine engine engine,bank+seat,
check,,ch-e-ck,ch short_e k,engine engine engine,bank+text,
cheerful,98,ch-eer-f-u-l,ch ear f short_u l,engine engine engine engine engine,seat,
chess,,ch-e-ss,ch short_e s,engine engine engine,bank+text,
chest,23,ch-e-s-t,ch short_e s t,engine engine engine engine,seat,
chick,26,ch-i-ck,ch short_i k,engine engine engine,bank+seat+text,
chicken,42,ch-i-ck-e-n,ch short_i k short_e n,engine engine engine engine engine,seat,
chicks,26,ch-i-ck-s,ch short_i k s,engine engine engine engine,seat+text,
chief,63,ch-ie-f,ch long_e f,engine seat-rule engine,seat,
child,68,ch-i-l-d,ch long_i l d,engine lesson-68 engine engine,seat,
children,,ch-i-l-d-r-e-n,ch short_i l d r short_e n,engine engine engine engine engine engine engine,text,
chill,23,ch-i-ll,ch short_i l,engine engine engine,bank+seat,
chilled,44,ch-i-ll-e-d,ch short_i l silent d,expert expert expert expert expert,seat,"the -ed of level 44: voiced stem, e silent, d stays d"
chin,23,ch-i-n,ch short_i n,engine engine engine,bank+seat+text,
chip,23,ch-i-p,ch short_i p,engine engine engine,bank+seat,
chipmunk,42,ch-i-p-m-u-n-k,ch short_i p m short_u n k,engine engine engine engine engine engine engine,seat,
chop,23,ch-o-p,ch short_o p,engine engine engine,bank+seat+text,
chorus,94,ch-or-u-s,k or short_u s,engine engine engine engine,bank+seat+text,
chum,,ch-u-m,ch short_u m,engine engine engine,bank+text,
church,83,ch-ur-ch,ch er ch,engine engine engine,seat,
circle,87,c-ir-c-le,s er k l,position engine engine engine,seat,
circus,87,c-ir-c-u-s,s er k short_u s,position engine engine engine engine,seat,
cities,87,c-i-t-ie-s,s short_i t long_e z,expert expert expert expert expert,seat,open-syllable candidate at 72+ - expert decides the vowel
city,87,c-i-t-y,s short_i t long_e,position engine engine position,seat,open-syllable candidate at 72+ - expert decides the vowel
clap,34,c-l-a-p,k l short_a p,engine engine engine engine,bank+seat+text,
claw,82,c-l-aw,k l aw,engine engine engine,seat+text,
climb,89,c-l-i-mb,k l long_i m,expert expert expert expert,seat,
cloth,24,c-l-o-th,k l short_o th_quiet,engine engine engine engine,seat,
clue,76,c-l-ue,k l oo_moon,engine engine engine,seat,
coat,64,c-oa-t,k long_o t,engine engine engine,seat+text,
coats,64,c-oa-t-s,k long_o t s,engine engine engine engine,seat,
cobweb,41,c-o-b-w-e-b,k short_o b w short_e b,engine engine engine engine engine engine,seat+text,
cod,70,c-o-d,k short_o d,engine engine engine,bank+seat+text,
coin,78,c-oi-n,k oi n,engine engine engine,seat,
cold,68,c-o-l-d,k long_o l d,engine lesson-68 engine engine,seat+text,
come,64,c-o-m-e,k short_u m silent,engine engine engine engine,bank+seat+text,
comes,7,c-o-m-e-s,k short_u m silent z,expert expert expert expert expert,seat+text,
cop,4,c-o-p,k short_o p,engine engine engine,bank+seat+text,
cops,6,c-o-p-s,k short_o p s,engine engine engine engine,seat,
corn,81,c-or-n,k or n,engine engine engine,seat+text,
cost,4,c-o-s-t,k short_o s t,engine engine engine engine,bank+seat+text,
cot,4,c-o-t,k short_o t,engine engine engine,bank+seat,
cough,92,c-ough,k off,engine engine,bank+seat+text,
could,77,c-ou-l-d,k oo_book silent d,expert expert expert expert,seat+text,
cow,77,c-ow,k ow,engine seat-rule,seat+text,
crawl,82,c-r-aw-l,k r aw l,engine engine engine engine,seat+text,
cried,53,c-r-ie-d,k r long_i d,expert expert expert expert,seat,
crust,35,c-r-u-s-t,k r short_u s t,engine engine engine engine engine,seat,
cry,52,c-r-y,k r long_i,engine engine position,seat,
cub,40,c-u-b,k short_u b,engine engine engine,bank+seat+text,
cube,76,c-u-b-e,k long_u b silent,engine engine engine engine,seat+text,
cuff,70,c-u-ff,k short_u f,engine engine engine,bank+seat+text,
cup,40,c-u-p,k short_u p,engine engine engine,bank+seat+text,
cups,56,c-u-p-s,k short_u p s,engine engine engine engine,bank+seat+text,
curl,83,c-ur-l,k er l,engine engine engine,seat+text,
cut,70,c-u-t,k short_u t,engine engine engine,bank+seat+text,
cute,76,c-u-t-e,k long_u t silent,engine engine engine engine,seat,
dab,12,d-a-b,d short_a b,engine engine engine,bank+seat,
dad,8,d-a-d,d short_a d,engine engine engine,bank+seat+text,
dam,70,d-a-m,d short_a m,engine engine engine,bank+seat+text,
dark,79,d-ar-k,d ar k,engine engine engine,seat+text,
darkness,99,d-ar-k-n-e-ss,d ar k n short_e s,engine engine engine engine engine engine,seat,
dash,70,d-a-sh,d short_a sh,engine engine engine,bank+seat+text,
day,58,d-ay,d long_a,engine engine,seat+text,
deal,62,d-ea-l,d long_e l,engine seat-rule engine,seat,
deck,70,d-e-ck,d short_e k,engine engine engine,bank+seat+text,
deep,61,d-ee-p,d long_e p,engine engine engine,seat+text,
deer,84,d-eer,d ear,engine engine,seat+text,
den,8,d-e-n,d short_e n,engine engine engine,bank+seat+text,
desk,16,d-e-s-k,d short_e s k,engine engine engine engine,bank+seat+text,
desks,32,d-e-s-k-s,d short_e s k s,engine engine engine engine engine,seat,
dew,76,d-ew,d oo_moon,engine engine,seat+text,
did,8,d-i-d,d short_i d,engine engine engine,bank+seat+text,
dig,,d-i-g,d short_i g,engine engine engine,bank+text,
digging,46,d-i-gg-i-ng,d short_i g short_i ng,engine engine engine engine engine,seat,
dim,70,d-i-m,d short_i m,engine engine engine,bank+seat+text,
dime,66,d-i-m-e,d long_i m silent,engine engine engine engine,seat,
dinner,49,d-i-nn-er,d short_i n er,engine engine engine engine,seat+text,
dinosaur,82,d-i-n-o-s-au-r,d long_i n schwa s aw r,expert expert expert expert expert expert expert,seat+text,open-syllable candidate at 72+ - expert decides the vowel
dip,8,d-i-p,d short_i p,engine engine engine,bank+seat+text,
dirt,83,d-ir-t,d er t,engine engine engine,seat+text,
disagree,97,d-i-s-a-g-r-ee,d short_i s short_a g r long_e,engine engine engine engine engine engine engine,seat+text,open-syllable candidate at 72+ - expert decides the vowel
dish,22,d-i-sh,d short_i sh,engine engine engine,bank+seat+text,
dishes,97,d-i-sh-e-s,d short_i sh short_e z,expert expert expert expert expert,seat+text,open-syllable candidate at 72+ - expert decides the vowel; final s buzzes to z after a voiced sound
dislike,97,d-i-s-l-i-k-e,d short_i s l long_i k silent,engine engine engine engine engine engine engine,seat+text,open-syllable candidate at 72+ - expert decides the vowel
dive,66,d-i-ve,d long_i v,engine engine engine,seat+text,
do,20,d-o,d oo_moon,engine engine,bank+seat+text,
dock,70,d-o-ck,d short_o k,engine engine engine,bank+seat+text,
dog,9,d-o-g,d short_o g,engine engine engine,bank+seat+text,
dogs,9,d-o-g-s,d short_o g z,engine engine engine engine,bank+seat+text,
doll,21,d-o-ll,d short_o l,engine engine engine,bank+seat+text,
dolphin,91,d-o-l-ph-i-n,d short_o l f short_i n,engine engine engine engine engine engine,seat+text,open-syllable candidate at 72+ - expert decides the vowel
dot,80,d-o-t,d short_o t,engine engine engine,bank+seat,
dough,92,d-ough,d long_o,engine engine,bank+seat+text,
down,77,d-ow-n,d ow n,engine seat-rule engine,seat+text,
draw,82,d-r-aw,d r aw,engine engine engine,seat+text,
dressed,43,d-r-e-ss-e-d,d r short_e s silent t,expert expert expert expert expert expert,seat+text,"the -ed of level 43: voiceless stem, e silent, d says t"
dried,53,d-r-ie-d,d r long_i d,expert expert expert expert,seat+text,
drilled,44,d-r-i-ll-e-d,d r short_i l silent d,expert expert expert expert expert expert,seat,"the -ed of level 44: voiced stem, e silent, d stays d"
drink,35,d-r-i-n-k,d r short_i n k,engine engine engine engine engine,seat,
drop,34,d-r-o-p,d r short_o p,engine engine engine engine,bank+seat+text,
drum,34,d-r-u-m,d r short_u m,engine engine engine engine,bank+seat+text,
dry,52,d-r-y,d r long_i,engine engine position,seat+text,
duck,26,d-u-ck,d short_u k,engine engine engine,bank+seat+text,
dug,30,d-u-g,d short_u g,engine engine engine,bank+seat+text,
dust,14,d-u-s-t,d short_u s t,engine engine engine engine,seat+text,
dustbin,39,d-u-s-t-b-i-n,d short_u s t b short_i n,engine engine engine engine engine engine engine,seat+text,
each,62,ea-ch,long_e ch,seat-rule engine,seat+text,
eagle,62,ea-g-le,long_e g l,seat-rule engine engine,seat,
eagles,62,ea-g-l-e-s,long_e g l silent z,expert expert expert expert expert,seat+text,
ear,84,ear,ear,engine,seat,
ears,84,ear-s,ear z,expert expert,seat,final s buzzes to z after a voiced sound
eat,62,ea-t,long_e t,seat-rule engine,seat+text,
eating,62,ea-t-i-ng,long_e t short_i ng,seat-rule engine engine engine,seat,
eclectic,,e-c-l-e-c-t-i-c,short_e k l short_e k t short_i k,engine engine engine engine engine engine engine engine,text,
edge,88,e-dge,short_e j,engine engine,seat+text,
eight,59,eigh-t,long_a t,engine engine,seat+text,
elephant,91,e-l-e-ph-a-n-t,short_e l short_e f short_a n t,engine engine engine engine engine engine engine,seat+text,open-syllable candidate at 72+ - expert decides the vowel
end,8,e-n-d,short_e n d,engine engine engine,bank+seat+text,
ended,45,e-n-d-e-d,short_e n d short_e d,engine engine engine engine engine,seat+text,
endless,99,e-n-d-l-e-ss,short_e n d l short_e s,engine engine engine engine engine engine,seat+text,
enjoy,78,e-n-j-oy,short_e n j oi,engine engine engine engine,seat+text,
enough,92,e-n-ough,short_e n uf,engine engine engine,bank+seat+text,
ever,16,e-v-er,short_e v er,engine engine engine,seat+text,
every,51,e-v-er-y,short_e v er long_e,engine engine engine position,seat+text,
fall,80,f-al-l,f aw l,engine engine engine,seat+text,
fan,11,f-a-n,f short_a n,engine engine engine,bank+seat+text,
fang,28,f-a-ng,f short_a ng,engine engine engine,bank+seat,
far,79,f-ar,f ar,engine engine,seat+text,
farm,79,f-ar-m,f ar m,engine engine engine,seat+text,
farmer,79,f-ar-m-er,f ar m er,engine engine engine engine,seat,
farms,79,f-ar-m-s,f ar m z,expert expert expert expert,seat,final s buzzes to z after a voiced sound
fast,11,f-a-s-t,f short_a s t,engine engine engine engine,bank+seat+text,
fat,11,f-a-t,f short_a t,engine engine engine,bank+seat+text,
fax,18,f-a-x,f short_a x,engine engine engine,bank+seat,
feather,69,f-ea-th-er,f short_e th_this er,expert expert expert expert,seat,
fed,11,f-e-d,f short_e d,engine engine engine,bank+seat+text,
feed,61,f-ee-d,f long_e d,engine engine engine,seat+text,
feel,61,f-ee-l,f long_e l,engine engine engine,seat+text,
feet,61,f-ee-t,f long_e t,engine engine engine,seat+text,
fell,21,f-e-ll,f short_e l,engine engine engine,bank+seat+text,
fetch,88,f-e-tch,f short_e ch,engine engine engine,seat+text,
few,76,f-ew,f long_u,expert expert,seat+text,
field,63,f-ie-l-d,f long_e l d,engine seat-rule engine engine,seat,
fig,,f-i-g,f short_i g,engine engine engine,bank+text,
fill,21,f-i-ll,f short_i l,engine engine engine,seat+text,
filled,44,f-i-ll-e-d,f short_i l silent d,expert expert expert expert expert,seat+text,"the -ed of level 44: voiced stem, e silent, d stays d"
fin,11,f-i-n,f short_i n,engine engine engine,bank+seat,
finally,51,f-i-n-al-l-y,f long_i n schwa l long_e,expert expert expert expert expert expert,seat+text,
find,11,f-i-n-d,f long_i n d,engine engine engine engine,bank+seat+text,
fine,66,f-i-n-e,f long_i n silent,engine engine engine engine,seat+text,
first,83,f-ir-s-t,f er s t,engine engine engine engine,seat+text,
fish,22,f-i-sh,f short_i sh,engine engine engine,bank+seat+text,
fishing,37,f-i-sh-i-ng,f short_i sh short_i ng,engine engine engine engine engine,seat+text,
fit,11,f-i-t,f short_i t,engine engine engine,bank+seat+text,
five,66,f-i-ve,f long_i v,engine engine engine,seat+text,
fix,18,f-i-x,f short_i x,engine engine engine,bank+seat+text,
fizz,80,f-i-zz,f short_i z,engine engine engine,bank+seat,
flag,,f-l-a-g,f l short_a g,engine engine engine engine,bank+text,
flat,34,f-l-a-t,f l short_a t,engine engine engine engine,bank+seat+text,
flies,67,f-l-ie-s,f l long_i z,expert expert expert expert,seat+text,final s buzzes to z after a voiced sound
flowers,77,f-l-ow-er-s,f l ow er z,expert expert expert expert expert,seat+text,final s buzzes to z after a voiced sound
fly,52,f-l-y,f l long_i,engine engine position,seat+text,
fog,11,f-o-g,f short_o g,engine engine engine,bank+seat+text,
fold,68,f-o-l-d,f long_o l d,engine lesson-68 engine engine,seat+text,
for,81,f-or,f or,engine engine,bank+seat+text,
fought,92,f-ough-t,f aw t,engine seat-rule engine,seat,
found,77,f-ou-n-d,f ow n d,engine engine engine engine,seat+text,
fox,18,f-o-x,f short_o x,engine engine engine,bank+seat+text,
foxes,47,f-o-x-e-s,f short_o x short_e z,expert expert expert expert expert,seat+text,final s buzzes to z after a voiced sound
freight,59,f-r-eigh-t,f r long_a t,engine engine engine engine,seat+text,
frog,15,f-r-o-g,f r short_o g,engine engine engine engine,seat+text,
from,15,f-r-o-m,f r short_o m,engine engine engine engine,bank+seat+text,
fudge,88,f-u-dge,f short_u j,engine engine engine,seat+text,
fun,14,f-u-n,f short_u n,engine engine engine,bank+seat+text,
funny,51,f-u-nn-y,f short_u n long_e,engine engine engine position,seat+text,
fuss,80,f-u-ss,f short_u s,engine engine engine,bank+seat+text,
future,96,f-u-tu-re,f long_u ch er,expert expert expert expert,seat+text,open-syllable candidate at 72+ - expert decides the vowel
fuzz,80,f-u-zz,f short_u z,engine engine engine,bank+seat,
game,57,g-a-m-e,g long_a m silent,engine engine engine engine,seat+text,
gap,9,g-a-p,g short_a p,engine engine engine,bank+seat,
gas,9,g-a-s,g short_a s,engine engine engine,bank+seat,
gash,80,g-a-sh,g short_a sh,engine engine engine,bank+seat,
gate,57,g-a-t-e,g long_a t silent,engine engine engine engine,seat+text,
gates,57,g-a-t-e-s,g long_a t silent s,expert expert expert expert expert,seat,
gave,57,g-a-ve,g long_a v,engine engine engine,seat+text,
gem,87,g-e-m,j short_e m,position engine engine,seat,
generous,87,g-e-n-er-ou-s,j short_e n er schwa s,expert expert expert expert expert expert,seat+text,
germ,87,g-er-m,j er m,position engine engine,seat,
get,9,g-e-t,g short_e t,engine engine engine,bank+seat+text,
gets,9,g-e-t-s,g short_e t s,engine engine engine engine,seat+text,
getting,46,g-e-tt-i-ng,g short_e t short_i ng,engine engine engine engine engine,seat,
gift,11,g-i-f-t,g short_i f t,engine engine engine engine,bank+seat+text,
gifts,32,g-i-f-t-s,g short_i f t s,engine engine engine engine engine,seat,
ginger,87,g-i-n-g-er,j short_i n j er,expert expert expert expert expert,seat,open-syllable candidate at 72+ - expert decides the vowel; tiling corrected: ng must not fuse across gin+ger
girl,83,g-ir-l,g er l,engine engine engine,seat+text,
glad,34,g-l-a-d,g l short_a d,engine engine engine engine,bank+seat+text,
gladly,53,g-l-a-d-l-y,g l short_a d l long_e,engine engine engine engine engine position,seat+text,
glasses,41,g-l-a-ss-e-s,g l short_a s short_e z,expert expert expert expert expert expert,seat+text,final s buzzes to z after a voiced sound
glue,76,g-l-ue,g l oo_moon,engine engine engine,seat+text,
go,21,g-o,g long_o,engine engine,bank+seat+text,
goat,64,g-oa-t,g long_o t,engine engine engine,seat+text,
goats,70,g-oa-t-s,g long_o t s,engine engine engine engine,seat+text,
goes,65,g-oe-s,g long_o z,expert expert expert,seat,final s buzzes to z after a voiced sound
going,78,g-o-i-ng,g long_o short_i ng,expert expert expert expert,seat+text,tiling corrected: oi must not fuse across go+ing
gold,68,g-o-l-d,g long_o l d,engine lesson-68 engine engine,seat,
gong,28,g-o-ng,g short_o ng,engine engine engine,bank+seat+text,
good,75,g-oo-d,g oo_book d,engine seat-rule engine,seat+text,
goose,,g-oo-se,g oo_moon s,expert expert expert,text,no seat to rule by - expert decides
got,9,g-o-t,g short_o t,engine engine engine,bank+seat+text,
grab,34,g-r-a-b,g r short_a b,engine engine engine engine,bank+seat+text,
graph,91,g-r-a-ph,g r short_a f,engine engine engine engine,seat,
grass,21,g-r-a-ss,g r short_a s,engine engine engine engine,seat+text,
gravy,72,g-r-a-v-y,g r long_a v long_e,expert expert expert expert expert,seat+text,open-syllable candidate at 72+ - expert decides the vowel
green,61,g-r-ee-n,g r long_e n,engine engine engine engine,seat+text,
grey,59,g-r-ey,g r long_a,engine engine seat-rule,seat,
grilled,44,g-r-i-ll-e-d,g r short_i l silent d,expert expert expert expert expert expert,seat,"the -ed of level 44: voiced stem, e silent, d stays d"
grin,34,g-r-i-n,g r short_i n,engine engine engine engine,bank+seat+text,
grow,65,g-r-ow,g r long_o,engine engine seat-rule,seat,
gum,40,g-u-m,g short_u m,engine engine engine,bank+seat+text,
gush,80,g-u-sh,g short_u sh,engine engine engine,bank+seat,
gut,80,g-u-t,g short_u t,engine engine engine,bank+seat,
had,10,h-a-d,h short_a d,engine engine engine,bank+seat+text,
ham,10,h-a-m,h short_a m,engine engine engine,bank+seat+text,
hammer,46,h-a-mm-er,h short_a m er,engine engine engine engine,seat,
hand,10,h-a-n-d,h short_a n d,engine engine engine engine,bank+seat+text,
handful,98,h-a-n-d-f-u-l,h short_a n d f short_u l,engine engine engine engine engine engine engine,seat,open-syllable candidate at 72+ - expert decides the vowel
handle,48,h-a-n-d-le,h short_a n d l,engine engine engine engine engine,seat+text,
hands,32,h-a-n-d-s,h short_a n d z,expert expert expert expert expert,seat,final s buzzes to z after a voiced sound
hang,28,h-a-ng,h short_a ng,engine engine engine,bank+seat+text,
happier,53,h-a-pp-ie-r,h short_a p long_e r,engine engine engine seat-rule engine,seat+text,
happy,51,h-a-pp-y,h short_a p long_e,engine engine engine position,seat+text,
hard,79,h-ar-d,h ar d,engine engine engine,seat,
has,10,h-a-s,h short_a z,engine engine engine,bank+seat+text,
hat,10,h-a-t,h short_a t,engine engine engine,bank+seat+text,
hate,60,h-a-t-e,h long_a t silent,engine engine engine engine,seat,
hats,10,h-a-t-s,h short_a t s,engine engine engine engine,bank+seat+text,
haul,82,h-au-l,h aw l,engine engine engine,seat+text,
have,17,h-a-ve,h short_a v,engine engine engine,bank+seat+text,
having,41,h-a-v-i-ng,h short_a v short_i ng,engine engine engine engine engine,seat+text,
he,7,h-e,h long_e,engine engine,bank+seat+text,
head,69,h-ea-d,h short_e d,engine seat-rule engine,seat,
hear,84,h-ear,h ear,engine engine,seat,
heavy,69,h-ea-v-y,h short_e v long_e,engine seat-rule engine position,seat,
held,20,h-e-l-d,h short_e l d,engine engine engine engine,seat+text,
help,31,h-e-l-p,h short_e l p,engine engine engine engine,bank+seat+text,
helped,43,h-e-l-p-e-d,h short_e l p silent t,expert expert expert expert expert expert,seat+text,"the -ed of level 43: voiceless stem, e silent, d says t"
helper,38,h-e-l-p-er,h short_e l p er,engine engine engine engine engine,seat+text,
helpful,98,h-e-l-p-f-u-l,h short_e l p f short_u l,engine engine engine engine engine engine engine,seat+text,
helpless,99,h-e-l-p-l-e-ss,h short_e l p l short_e s,engine engine engine engine engine engine engine,seat,
hem,80,h-e-m,h short_e m,engine engine engine,bank+seat,
hen,40,h-e-n,h short_e n,engine engine engine,bank+seat+text,
hens,56,h-e-n-s,h short_e n z,engine engine engine engine,bank+seat+text,
her,15,h-er,h er,engine engine,seat+text,
here,84,h-ere,h ear,engine seat-rule,seat+text,
hey,59,h-ey,h long_a,engine seat-rule,seat,
hid,10,h-i-d,h short_i d,engine engine engine,bank+seat+text,
hide,66,h-i-d-e,h long_i d silent,engine engine engine engine,seat+text,
high,67,h-igh,h long_i,engine engine,seat+text,
hill,21,h-i-ll,h short_i l,engine engine engine,bank+seat+text,
hilltop,39,h-i-ll-t-o-p,h short_i l t short_o p,engine engine engine engine engine engine,seat+text,
him,10,h-i-m,h short_i m,engine engine engine,bank+seat+text,
hip,80,h-i-p,h short_i p,engine engine engine,bank+seat,
his,10,h-i-s,h short_i z,engine engine engine,bank+seat+text,
hit,10,h-i-t,h short_i t,engine engine engine,bank+seat+text,
hits,20,h-i-t-s,h short_i t s,engine engine engine engine,seat,
hog,,h-o-g,h short_o g,engine engine engine,bank+text,
hold,20,h-o-l-d,h long_o l d,engine engine engine engine,bank+seat+text,
hole,64,h-o-le,h long_o l,expert expert expert,seat+text,
holes,64,h-o-l-e-s,h long_o l silent z,expert expert expert expert expert,seat+text,
holiday,71,h-o-l-i-d-ay,h short_o l short_i d long_a,engine engine engine engine engine engine,seat+text,
home,64,h-o-m-e,h long_o m silent,engine engine engine engine,seat+text,
honey,63,h-o-n-ey,h short_u n long_e,expert expert expert expert,seat+text,
hop,20,h-o-p,h short_o p,engine engine engine,bank+seat+text,
hope,64,h-o-p-e,h long_o p silent,engine engine engine engine,seat+text,
hopeless,99,h-o-p-e-l-e-ss,h long_o p silent l short_e s,expert expert expert expert expert expert expert,seat,open-syllable candidate at 72+ - expert decides the vowel
horse,81,h-or-se,h or s,engine engine engine,seat,
hot,20,h-o-t,h short_o t,engine engine engine,bank+seat+text,
house,77,h-ou-se,h ow s,engine engine engine,seat,
how,77,h-ow,h ow,engine seat-rule,seat+text,
hub,90,h-u-b,h short_u b,engine engine engine,bank+seat,
huff,90,h-u-ff,h short_u f,engine engine engine,bank+seat,
hug,30,h-u-g,h short_u g,engine engine engine,bank+seat+text,
huge,87,h-u-ge,h long_u j,engine engine engine,seat+text,
hum,40,h-u-m,h short_u m,engine engine engine,bank+seat+text,
hung,28,h-u-ng,h short_u ng,engine engine engine,bank+seat+text,
hunt,14,h-u-n-t,h short_u n t,engine engine engine engine,seat+text,
hunting,37,h-u-n-t-i-ng,h short_u n t short_i ng,engine engine engine engine engine engine,seat+text,
hush,22,h-u-sh,h short_u sh,engine engine engine,bank+seat+text,
hut,90,h-u-t,h short_u t,engine engine engine,bank+seat+text,
i,2,i,long_i_i,engine,bank+seat+text,long_i_i is the ruled special id (the word i's own clip)
if,11,i-f,short_i f,engine engine,bank+seat+text,
illness,41,i-ll-n-e-ss,short_i l n short_e s,engine engine engine engine engine,seat,
in,1,i-n,short_i n,engine engine,bank+seat+text,
inside,66,i-n-s-i-d-e,short_i n s long_i d silent,engine engine engine engine engine engine,seat+text,
into,3,i-n-t-o,short_i n t oo_moon,engine engine engine engine,bank+seat+text,
is,5,i-s,short_i z,engine engine,bank+seat+text,
it,1,i-t,short_i t,engine engine,bank+seat+text,
jab,90,j-a-b,j short_a b,engine engine engine,bank+seat,
jacket,42,j-a-ck-e-t,j short_a k short_e t,engine engine engine engine engine,seat+text,
jam,40,j-a-m,j short_a m,engine engine engine,bank+seat+text,
jaw,82,j-aw,j aw,engine engine,seat+text,
jazz,90,j-a-zz,j short_a z,engine engine engine,bank+seat,
jelly,51,j-e-ll-y,j short_e l long_e,engine engine engine position,seat+text,
jet,90,j-e-t,j short_e t,engine engine engine,bank+seat+text,
job,40,j-o-b,j short_o b,engine engine engine,bank+seat+text,
jog,,j-o-g,j short_o g,engine engine engine,bank+text,
join,78,j-oi-n,j oi n,engine engine engine,seat+text,
jot,90,j-o-t,j short_o t,engine engine engine,bank+seat,
joyful,98,j-oy-f-u-l,j oi f short_u l,engine engine engine engine engine,seat,
judge,88,j-u-dge,j short_u j,engine engine engine,seat+text,
jump,17,j-u-m-p,j short_u m p,engine engine engine engine,bank+seat+text,
jumped,43,j-u-m-p-e-d,j short_u m p silent t,expert expert expert expert expert expert,seat,"the -ed of level 43: voiceless stem, e silent, d says t"
jumper,38,j-u-m-p-er,j short_u m p er,engine engine engine engine engine,seat+text,
jumps,17,j-u-m-p-s,j short_u m p s,engine engine engine engine engine,seat+text,
just,17,j-u-s-t,j short_u s t,engine engine engine engine,bank+seat+text,
jut,90,j-u-t,j short_u t,engine engine engine,bank+seat,
kick,26,k-i-ck,k short_i k,engine engine engine,bank+seat+text,
kicked,43,k-i-ck-e-d,k short_i k silent t,expert expert expert expert expert,seat,"the -ed of level 43: voiceless stem, e silent, d says t"
kid,16,k-i-d,k short_i d,engine engine engine,bank+seat+text,
kids,16,k-i-d-s,k short_i d z,engine engine engine engine,bank+seat+text,
kind,68,k-i-n-d,k long_i n d,engine lesson-68 engine engine,seat+text,
kindly,68,k-i-n-d-l-y,k long_i n d l long_e,engine lesson-68 engine engine engine position,seat+text,
kindness,99,k-i-n-d-n-e-ss,k long_i n d n short_e s,expert expert expert expert expert expert expert,seat+text,open-syllable candidate at 72+ - expert decides the vowel
king,28,k-i-ng,k short_i ng,engine engine engine,bank+seat+text,
kiss,21,k-i-ss,k short_i s,engine engine engine,bank+seat+text,
kit,16,k-i-t,k short_i t,engine engine engine,bank+seat,
kitten,49,k-i-tt-e-n,k short_i t short_e n,engine engine engine engine engine,seat+text,
knit,89,kn-i-t,n short_i t,engine engine engine,bank+seat+text,
knob,89,kn-o-b,n short_o b,engine engine engine,bank+seat,
knock,89,kn-o-ck,n short_o k,engine engine engine,bank+seat+text,
knot,89,kn-o-t,n short_o t,engine engine engine,bank+seat+text,
lab,90,l-a-b,l short_a b,engine engine engine,bank+seat,
lad,90,l-a-d,l short_a d,engine engine engine,bank+seat,
ladder,46,l-a-dd-er,l short_a d er,engine engine engine engine,seat+text,
lady,72,l-a-d-y,l long_a d long_e,expert expert expert expert,seat+text,open-syllable candidate at 72+ - expert decides the vowel
lake,57,l-a-k-e,l long_a k silent,engine engine engine engine,seat+text,
lamb,89,l-a-mb,l short_a m,engine engine engine,bank+seat+text,
lamp,31,l-a-m-p,l short_a m p,engine engine engine engine,bank+seat+text,
lamps,32,l-a-m-p-s,l short_a m p s,engine engine engine engine engine,seat,
land,13,l-a-n-d,l short_a n d,engine engine engine engine,bank+seat+text,
landed,45,l-a-n-d-e-d,l short_a n d short_e d,engine engine engine engine engine engine,seat+text,
lap,40,l-a-p,l short_a p,engine engine engine,bank+seat+text,
laptop,20,l-a-p-t-o-p,l short_a p t short_o p,engine engine engine engine engine engine,seat,
lash,100,l-a-sh,l short_a sh,engine engine engine,bank+seat,
late,60,l-a-t-e,l long_a t silent,engine engine engine engine,seat+text,
later,72,l-a-t-er,l long_a t er,expert expert expert expert,seat+text,open-syllable candidate at 72+ - expert decides the vowel
laugh,82,l-augh,l aw,engine engine,seat+text,OWNER DECISION pending: needs an /af/ cluster id (the uf/off precedent) or a retile
lawn,82,l-aw-n,l aw n,engine engine engine,seat+text,
lay,58,l-ay,l long_a,engine engine,seat+text,
lazy,72,l-a-z-y,l long_a z long_e,expert expert expert expert,seat+text,open-syllable candidate at 72+ - expert decides the vowel
leaf,62,l-ea-f,l long_e f,engine seat-rule engine,seat+text,
leave,62,l-ea-ve,l long_e v,engine seat-rule engine,seat+text,
led,13,l-e-d,l short_e d,engine engine engine,bank+seat+text,
left,13,l-e-f-t,l short_e f t,engine engine engine engine,bank+seat+text,
leg,13,l-e-g,l short_e g,engine engine engine,bank+seat+text,
let,13,l-e-t,l short_e t,engine engine engine,bank+seat+text,
let's,,l-e-t-'-s,l short_e t silent s,expert expert expert expert expert,text,no seat to rule by - expert decides; contraction kept whole by sentenceWords - passage or credit line
lick,26,l-i-ck,l short_i k,engine engine engine,bank+seat,
licked,43,l-i-ck-e-d,l short_i k silent t,expert expert expert expert expert,seat+text,"the -ed of level 43: voiceless stem, e silent, d says t"
lid,13,l-i-d,l short_i d,engine engine engine,bank+seat+text,
lids,56,l-i-d-s,l short_i d z,engine engine engine engine,bank+seat+text,
lift,31,l-i-f-t,l short_i f t,engine engine engine engine,bank+seat+text,
lifted,45,l-i-f-t-e-d,l short_i f t short_e d,engine engine engine engine engine engine,seat+text,
light,67,l-igh-t,l long_i t,engine engine engine,seat+text,
like,66,l-i-k-e,l long_i k silent,engine engine engine engine,seat+text,
liked,73,l-i-k-e-d,l long_i k silent t,expert expert expert expert expert,seat+text,open-syllable candidate at 72+ - expert decides the vowel
likes,66,l-i-k-e-s,l long_i k silent s,expert expert expert expert expert,seat+text,
limb,89,l-i-mb,l short_i m,engine engine engine,bank+seat,
line,66,l-i-n-e,l long_i n silent,engine engine engine engine,seat+text,
lion,,l-i-o-n,l long_i schwa n,expert expert expert expert,text,
lip,100,l-i-p,l short_i p,engine engine engine,bank+seat,
lit,100,l-i-t,l short_i t,engine engine engine,bank+seat+text,
little,48,l-i-tt-le,l short_i t l,engine engine engine engine,seat+text,
live,66,l-i-ve,l long_i v,engine engine engine,seat,
lived,16,l-i-v-e-d,l short_i v silent d,expert expert expert expert expert,seat+text,"the -ed of level 44: voiced stem, e silent, d stays d"
lock,26,l-o-ck,l short_o k,engine engine engine,bank+seat+text,
log,20,l-o-g,l short_o g,engine engine engine,bank+seat+text,
logs,20,l-o-g-s,l short_o g z,expert expert expert expert,seat,final s buzzes to z after a voiced sound
long,28,l-o-ng,l short_o ng,engine engine engine,bank+seat+text,
look,75,l-oo-k,l oo_book k,engine seat-rule engine,seat+text,
looked,75,l-oo-k-e-d,l oo_book k silent t,expert expert expert expert expert,seat+text,"the -ed of level 43: voiceless stem, e silent, d says t"
loss,100,l-o-ss,l short_o s,engine engine engine,bank+seat,
lot,13,l-o-t,l short_o t,engine engine engine,bank+seat+text,
lots,13,l-o-t-s,l short_o t s,engine engine engine engine,seat,
loud,77,l-ou-d,l ow d,engine engine engine,seat+text,
love,64,l-o-ve,l short_u v,engine engine engine,bank+seat,
loyal,78,l-oy-a-l,l oi short_a l,engine engine engine engine,seat+text,
luck,26,l-u-ck,l short_u k,engine engine engine,bank+seat+text,
lucky,51,l-u-ck-y,l short_u k long_e,engine engine engine position,seat+text,
lunch,23,l-u-n-ch,l short_u n ch,engine engine engine engine,seat,
lung,28,l-u-ng,l short_u ng,engine engine engine,bank+seat,
lush,100,l-u-sh,l short_u sh,engine engine engine,bank+seat+text,
machine,94,m-a-ch-i-n-e,m short_a sh long_e n silent,expert expert expert expert expert expert,seat,open-syllable candidate at 72+ - expert decides the vowel
mad,8,m-a-d,m short_a d,engine engine engine,bank+seat+text,
made,57,m-a-d-e,m long_a d silent,engine engine engine engine,seat+text,
magic,87,m-a-g-i-c,m short_a j short_i k,engine engine position engine engine,seat,open-syllable candidate at 72+ - expert decides the vowel
make,60,m-a-k-e,m long_a k silent,engine engine engine engine,seat+text,
makes,60,m-a-k-e-s,m long_a k silent s,expert expert expert expert expert,seat+text,
man,5,m-a-n,m short_a n,engine engine engine,bank+seat+text,
map,5,m-a-p,m short_a p,engine engine engine,bank+seat+text,
maple,72,m-a-p-le,m long_a p l,expert expert expert expert,seat+text,open-syllable candidate at 72+ - expert decides the vowel
maps,6,m-a-p-s,m short_a p s,engine engine engine engine,bank+seat+text,
mash,22,m-a-sh,m short_a sh,engine engine engine,bank+seat+text,
mat,5,m-a-t,m short_a t,engine engine engine,bank+seat+text,
match,88,m-a-tch,m short_a ch,engine engine engine,seat+text,
matches,88,m-a-tch-e-s,m short_a ch short_e z,expert expert expert expert expert,seat,open-syllable candidate at 72+ - expert decides the vowel; final s buzzes to z after a voiced sound
mcguffey's,,m-c-g-u-ff-ey-'-s,m k g short_u f long_e silent z,expert expert expert expert expert expert expert expert,text,no seat to rule by - expert decides; contraction kept whole by sentenceWords - passage or credit line
me,9,m-e,m long_e,engine engine,bank+seat+text,
mean,62,m-ea-n,m long_e n,engine seat-rule engine,seat,
meat,62,m-ea-t,m long_e t,engine seat-rule engine,seat+text,
mechanic,94,m-e-ch-a-n-i-c,m short_e k short_a n short_i k,expert expert expert expert expert expert expert,seat+text,open-syllable candidate at 72+ - expert decides the vowel
meet,61,m-ee-t,m long_e t,engine engine engine,seat+text,
meets,61,m-ee-t-s,m long_e t s,engine engine engine engine,seat+text,
men,7,m-e-n,m short_e n,engine engine engine,bank+seat+text,
mess,50,m-e-ss,m short_e s,engine engine engine,bank+seat+text,
met,100,m-e-t,m short_e t,engine engine engine,bank+seat+text,
middle,48,m-i-dd-le,m short_i d l,engine engine engine engine,seat+text,
might,67,m-igh-t,m long_i t,engine engine engine,seat+text,
mild,68,m-i-l-d,m long_i l d,engine lesson-68 engine engine,seat+text,
mile,66,m-i-le,m long_i l,expert expert expert,seat,
milk,16,m-i-l-k,m short_i l k,engine engine engine engine,bank+seat+text,
mill,100,m-i-ll,m short_i l,engine engine engine,bank+seat,
mind,68,m-i-n-d,m long_i n d,engine lesson-68 engine engine,seat+text,
mint,5,m-i-n-t,m short_i n t,engine engine engine engine,bank+seat+text,
miss,50,m-i-ss,m short_i s,engine engine engine,bank+seat+text,
mist,5,m-i-s-t,m short_i s t,engine engine engine engine,seat,
mitt,50,m-i-tt,m short_i t,engine engine engine,seat+text,
mitten,49,m-i-tt-e-n,m short_i t short_e n,engine engine engine engine engine,seat+text,
mix,18,m-i-x,m short_i x,engine engine engine,bank+seat,
mixed,43,m-i-x-e-d,m short_i x silent t,expert expert expert expert expert,seat+text,"the -ed of level 43: voiceless stem, e silent, d says t"
mixture,96,m-i-x-tu-re,m short_i x ch er,engine engine engine engine engine,seat+text,open-syllable candidate at 72+ - expert decides the vowel
mob,100,m-o-b,m short_o b,engine engine engine,bank+seat,
mom,5,m-o-m,m short_o m,engine engine engine,bank+seat+text,
money,63,m-o-n-ey,m short_u n long_e,expert expert expert expert,seat+text,
monkey,63,m-o-n-k-ey,m short_u n k long_e,expert expert expert expert expert,seat+text,
month,24,m-o-n-th,m short_u n th_quiet,engine engine engine engine,bank+seat,
moon,74,m-oo-n,m oo_moon n,engine seat-rule engine,seat+text,
mop,5,m-o-p,m short_o p,engine engine engine,bank+seat+text,
more,81,m-ore,m or,engine engine,seat+text,
moth,24,m-o-th,m short_o th_quiet,engine engine engine,bank+seat+text,
mother,38,m-o-th-er,m short_u th_this er,expert expert expert expert,seat+text,
motion,95,m-o-ti-o-n,m long_o sh schwa n,expert expert expert expert expert,seat+text,open-syllable candidate at 72+ - expert decides the vowel
mouse,77,m-ou-se,m ow s,engine engine engine,seat+text,
mouthful,98,m-ou-th-f-u-l,m ow th_quiet f short_u l,engine engine engine engine engine engine,seat,
much,23,m-u-ch,m short_u ch,engine engine engine,bank+seat+text,
muck,100,m-u-ck,m short_u k,engine engine engine,bank+seat+text,
mud,14,m-u-d,m short_u d,engine engine engine,bank+seat+text,
muffin,41,m-u-ff-i-n,m short_u f short_i n,engine engine engine engine engine,seat+text,
mule,76,m-u-le,m long_u l,expert expert expert,seat+text,
munch,23,m-u-n-ch,m short_u n ch,engine engine engine engine,seat,
mush,100,m-u-sh,m short_u sh,engine engine engine,bank+seat,
must,14,m-u-s-t,m short_u s t,engine engine engine engine,bank+seat+text,
my,19,m-y,m long_i,engine engine,bank+seat+text,
nap,1,n-a-p,n short_a p,engine engine engine,bank+seat+text,
nation,95,n-a-ti-o-n,n long_a sh schwa n,expert expert expert expert expert,seat,open-syllable candidate at 72+ - expert decides the vowel
nature,96,n-a-tu-re,n long_a ch er,expert expert expert expert,seat+text,open-syllable candidate at 72+ - expert decides the vowel
near,84,n-ear,n ear,engine engine,seat,
need,61,n-ee-d,n long_e d,engine engine engine,seat+text,
needed,71,n-ee-d-e-d,n long_e d short_e d,engine engine engine engine engine,seat+text,
nest,7,n-e-s-t,n short_e s t,engine engine engine engine,bank+seat+text,
nestle,93,n-e-s-tle,n short_e s l,engine engine engine engine,seat,
nests,32,n-e-s-t-s,n short_e s t s,engine engine engine engine engine,seat,
net,7,n-e-t,n short_e t,engine engine engine,bank+seat+text,
never,41,n-e-v-er,n short_e v er,engine engine engine engine,seat+text,
new,76,n-ew,n oo_moon,engine engine,seat+text,
next,32,n-e-x-t,n short_e x t,engine engine engine engine,seat,
niece,63,n-ie-ce,n long_e s,engine seat-rule engine,seat,
night,67,n-igh-t,n long_i t,engine engine engine,seat+text,
nine,66,n-i-n-e,n long_i n silent,engine engine engine engine,seat,
nip,,n-i-p,n short_i p,engine engine engine,text,
no,22,n-o,n long_o,engine engine,bank+seat+text,
nod,8,n-o-d,n short_o d,engine engine engine,bank+seat+text,
noise,78,n-oi-se,n oi z,expert expert expert,seat,
nose,64,n-o-se,n long_o z,expert expert expert,seat,
noses,73,n-o-s-e-s,n long_o z short_e z,expert expert expert expert expert,seat+text,open-syllable candidate at 72+ - expert decides the vowel
not,3,n-o-t,n short_o t,engine engine engine,bank+seat+text,
note,64,n-o-t-e,n long_o t silent,engine engine engine engine,seat+text,
notes,64,n-o-t-e-s,n long_o t silent s,expert expert expert expert expert,seat+text,
now,77,n-ow,n ow,engine seat-rule,seat+text,
nurse,83,n-ur-se,n er s,engine engine engine,seat,
nut,14,n-u-t,n short_u t,engine engine engine,bank+seat+text,
o,,o,long_o,expert,text,
obey,59,o-b-ey,long_o b long_a,expert expert expert,seat,
of,13,o-f,short_u v_soft,engine engine,bank+seat+text,v_soft is the ruled special id (of's quieter v)
old,20,o-l-d,long_o l d,engine engine engine,bank+seat+text,
on,3,o-n,short_o n,engine engine,bank+seat+text,
one,,o-n-e,long_o n silent,engine engine engine,text,"appears ONLY in the three spoken invitation lines, never tiled - the o-n-e fault is moot unless it is ever seated; measured 2026-08-20"
or,81,or,or,engine,seat+text,
orchestra,94,or-ch-e-s-t-r-a,or k short_e s t r short_a,expert expert expert expert expert expert expert,seat+text,
other,25,o-th-er,short_u th_this er,expert expert expert,seat+text,
ought,92,ough-t,aw t,seat-rule engine,seat,
our,77,ou-r,ow r,engine engine,seat+text,
out,77,ou-t,ow t,engine engine,bank+seat+text,
outside,77,ou-t-s-i-d-e,ow t s long_i d silent,engine engine engine engine engine engine,seat,
over,72,o-v-er,long_o v er,expert expert expert,seat+text,open-syllable candidate at 72+ - expert decides the vowel
ox,18,o-x,short_o x,engine engine,bank+seat+text,
pack,50,p-a-ck,p short_a k,engine engine engine,bank+seat+text,
packed,43,p-a-ck-e-d,p short_a k silent t,expert expert expert expert expert,seat+text,"the -ed of level 43: voiceless stem, e silent, d says t"
pail,58,p-ai-l,p long_a l,engine engine engine,seat+text,
pain,58,p-ai-n,p long_a n,engine engine engine,seat,
painful,98,p-ai-n-f-u-l,p long_a n f short_u l,engine engine engine engine engine engine,seat,
paint,58,p-ai-n-t,p long_a n t,engine engine engine engine,seat+text,
painted,71,p-ai-n-t-e-d,p long_a n t short_e d,engine engine engine engine engine engine,seat+text,
painter,71,p-ai-n-t-er,p long_a n t er,engine engine engine engine engine,seat+text,
pal,50,p-a-l,p short_a l,engine engine engine,bank+seat+text,
pan,1,p-a-n,p short_a n,engine engine engine,bank+seat+text,
paper,72,p-a-p-er,p long_a p er,expert expert expert expert,seat+text,open-syllable candidate at 72+ - expert decides the vowel
park,79,p-ar-k,p ar k,engine engine engine,seat,
part,79,p-ar-t,p ar t,engine engine engine,seat,
pat,2,p-a-t,p short_a t,engine engine engine,bank+seat+text,
path,24,p-a-th,p short_a th_quiet,engine engine engine,bank+seat,
paw,82,p-aw,p aw,engine engine,seat,
peaceful,98,p-ea-c-e-f-u-l,p long_e s silent f short_u l,expert expert expert expert expert expert expert,seat,
pen,7,p-e-n,p short_e n,engine engine engine,bank+seat+text,
pencil,87,p-e-n-c-i-l,p short_e n s short_i l,engine engine engine position engine engine,seat,
pennies,63,p-e-nn-ie-s,p short_e n long_e z,expert expert expert expert expert,seat,final s buzzes to z after a voiced sound
penny,51,p-e-nn-y,p short_e n long_e,engine engine engine position,seat+text,
pens,56,p-e-n-s,p short_e n z,engine engine engine engine,bank+seat+text,
pepper,46,p-e-pp-er,p short_e p er,engine engine engine engine,seat,
pet,7,p-e-t,p short_e t,engine engine engine,bank+seat+text,
phone,91,ph-o-n-e,f long_o n silent,engine engine engine engine,seat+text,
photo,91,ph-o-t-o,f long_o t long_o,expert expert expert expert,seat+text,open-syllable candidate at 72+ - expert decides the vowel
pick,26,p-i-ck,p short_i k,engine engine engine,bank+seat+text,
picked,43,p-i-ck-e-d,p short_i k silent t,expert expert expert expert expert,seat+text,"the -ed of level 43: voiceless stem, e silent, d says t"
picture,96,p-i-c-tu-re,p short_i k ch er,engine engine engine engine engine,seat+text,open-syllable candidate at 72+ - expert decides the vowel
pie,67,p-ie,p long_i,engine seat-rule,seat+text,
piece,63,p-ie-ce,p long_e s,engine seat-rule engine,seat,
pig,9,p-i-g,p short_i g,engine engine engine,bank+seat+text,
pigpen,9,p-i-g-p-e-n,p short_i g p short_e n,engine engine engine engine engine engine,seat+text,
pigs,,p-i-g-s,p short_i g z,engine engine engine engine,bank+text,
pillow,65,p-i-ll-ow,p short_i l long_o,engine engine engine seat-rule,seat,
pin,2,p-i-n,p short_i n,engine engine engine,bank+seat+text,
pit,2,p-i-t,p short_i t,engine engine engine,bank+seat+text,
pitch,88,p-i-tch,p short_i ch,engine engine engine,seat,
plan,34,p-l-a-n,p l short_a n,engine engine engine engine,bank+seat+text,
plant,35,p-l-a-n-t,p l short_a n t,engine engine engine engine engine,seat,
planted,71,p-l-a-n-t-e-d,p l short_a n t short_e d,engine engine engine engine engine engine engine,seat+text,
play,58,p-l-ay,p l long_a,engine engine engine,seat+text,
player,58,p-l-ay-er,p l long_a er,engine engine engine engine,seat,
playful,98,p-l-ay-f-u-l,p l long_a f short_u l,engine engine engine engine engine engine,seat+text,
plum,34,p-l-u-m,p l short_u m,engine engine engine engine,bank+seat+text,
pocket,42,p-o-ck-e-t,p short_o k short_e t,engine engine engine engine engine,seat,
point,78,p-oi-n-t,p oi n t,engine engine engine engine,seat,
pond,31,p-o-n-d,p short_o n d,engine engine engine engine,bank+seat+text,
ponies,63,p-o-n-ie-s,p long_o n long_e z,expert expert expert expert expert,seat,
pool,74,p-oo-l,p oo_moon l,engine seat-rule engine,seat+text,
pop,3,p-o-p,p short_o p,engine engine engine,bank+seat+text,
pot,3,p-o-t,p short_o t,engine engine engine,bank+seat+text,
pots,6,p-o-t-s,p short_o t s,engine engine engine engine,bank+seat+text,
powerful,98,p-ow-er-f-u-l,p ow er f short_u l,engine seat-rule engine engine engine engine,seat,
precious,97,p-r-e-ci-ou-s,p r short_e sh schwa s,expert expert expert expert expert expert,seat+text,
preview,63,p-r-e-v-ie-w,p r long_e v long_u silent,expert expert expert expert expert expert,seat,"likely-tier accepted: ie as long_u, w silent"
princess,87,p-r-i-n-c-e-ss,p r short_i n s short_e s,engine engine engine engine position engine engine,seat,open-syllable candidate at 72+ - expert decides the vowel
print,35,p-r-i-n-t,p r short_i n t,engine engine engine engine engine,seat,
printed,71,p-r-i-n-t-e-d,p r short_i n t short_e d,engine engine engine engine engine engine engine,seat+text,
printer,71,p-r-i-n-t-er,p r short_i n t er,engine engine engine engine engine engine,seat,
pronounced,,p-r-o-n-ou-n-c-e-d,p r short_o n ow n s silent t,expert expert expert expert expert expert expert expert expert,text,"the -ed of level 43: voiceless stem, e silent, d says t"
proud,77,p-r-ou-d,p r ow d,engine engine engine engine,seat,
pup,50,p-u-p,p short_u p,engine engine engine,bank+seat+text,
puppet,49,p-u-pp-e-t,p short_u p short_e t,engine engine engine engine engine,seat+text,
puppy,51,p-u-pp-y,p short_u p long_e,engine engine engine position,seat+text,
purple,83,p-ur-p-le,p er p l,engine engine engine engine,seat+text,
put,,p-u-t,p oo_book t,expert expert expert,text,
quack,29,qu-a-ck,qu short_a k,engine engine engine,bank+seat+text,
quick,29,qu-i-ck,qu short_i k,engine engine engine,bank+seat+text,
quickly,53,qu-i-ck-l-y,qu short_i k l long_e,engine engine engine engine position,seat+text,
quill,29,qu-i-ll,qu short_i l,engine engine engine,bank+seat+text,
quip,29,qu-i-p,qu short_i p,engine engine engine,bank+seat,
quit,29,qu-i-t,qu short_i t,engine engine engine,bank+seat+text,
quitting,46,qu-i-tt-i-ng,qu short_i t short_i ng,engine engine engine engine engine,seat,
quiz,29,qu-i-z,qu short_i z,engine engine engine,bank+seat+text,
rabbit,49,r-a-bb-i-t,r short_a b short_i t,engine engine engine engine engine,seat+text,
rack,26,r-a-ck,r short_a k,engine engine engine,seat+text,
rag,15,r-a-g,r short_a g,engine engine engine,bank+seat+text,
rain,58,r-ai-n,r long_a n,engine engine engine,seat+text,
rainbow,65,r-ai-n-b-ow,r long_a n b long_o,engine engine engine engine seat-rule,seat,
ram,15,r-a-m,r short_a m,engine engine engine,bank+seat+text,
ran,15,r-a-n,r short_a n,engine engine engine,bank+seat+text,
rap,50,r-a-p,r short_a p,engine engine engine,bank+seat+text,
rat,15,r-a-t,r short_a t,engine engine engine,bank+seat+text,
read#past,69,r-ea-d,r short_e d,engine seat-rule engine,seat+text,heteronym: the /red/ of level 69's own teaching; texts choose by say-field
read#present,69,r-ea-d,r long_e d,hand,seat+text,heteronym: the /reed/ of present tense
reader,62,r-ea-d-er,r long_e d er,engine seat-rule engine engine,seat+text,
ready,69,r-ea-d-y,r short_e d long_e,engine seat-rule engine position,seat,
red,15,r-e-d,r short_e d,engine engine engine,bank+seat+text,
redo,71,r-e-d-o,r long_e d oo_moon,expert expert expert expert,seat+text,
remember,97,r-e-m-e-m-b-er,r short_e m short_e m b er,engine engine engine engine engine engine engine,seat+text,
rest,31,r-e-s-t,r short_e s t,engine engine engine engine,bank+seat+text,
rested,97,r-e-s-t-e-d,r short_e s t short_e d,engine engine engine engine engine engine,seat+text,
retell,97,r-e-t-e-ll,r short_e t short_e l,engine engine engine engine engine,seat+text,
return,97,r-e-t-ur-n,r short_e t er n,engine engine engine engine engine,seat+text,
rhyme,,r-h-y-m-e,r silent long_i m silent,expert expert expert expert expert,text,
rich,23,r-i-ch,r short_i ch,engine engine engine,bank+seat,
rid,15,r-i-d,r short_i d,engine engine engine,seat,
rig,,r-i-g,r short_i g,engine engine engine,bank+text,
right,67,r-igh-t,r long_i t,engine engine engine,seat+text,
rip,50,r-i-p,r short_i p,engine engine engine,bank+seat+text,
road,64,r-oa-d,r long_o d,engine engine engine,seat+text,
rock,26,r-o-ck,r short_o k,engine engine engine,bank+seat+text,
rocket,42,r-o-ck-e-t,r short_o k short_e t,engine engine engine engine engine,seat,
rocks,30,r-o-ck-s,r short_o k s,engine engine engine engine,seat+text,
rod,15,r-o-d,r short_o d,engine engine engine,bank+seat+text,
romp,31,r-o-m-p,r short_o m p,engine engine engine engine,bank+seat+text,
room,74,r-oo-m,r oo_moon m,engine seat-rule engine,seat+text,
rough,92,r-ough,r uf,engine engine,bank+seat+text,
royal,78,r-oy-a-l,r oi short_a l,engine engine engine engine,seat,
rub,15,r-u-b,r short_u b,engine engine engine,bank+seat+text,
rug,40,r-u-g,r short_u g,engine engine engine,bank+seat+text,
run,15,r-u-n,r short_u n,engine engine engine,bank+seat+text,
rustle,93,r-u-s-tle,r short_u s l,engine engine engine engine,seat,open-syllable candidate at 72+ - expert decides the vowel
sack,30,s-a-ck,s short_a k,engine engine engine,bank+seat+text,
sacks,30,s-a-ck-s,s short_a k s,engine engine engine engine,seat+text,
sad,8,s-a-d,s short_a d,engine engine engine,bank+seat+text,
sadness,99,s-a-d-n-e-ss,s short_a d n short_e s,engine engine engine engine engine engine,seat,open-syllable candidate at 72+ - expert decides the vowel
said,15,s-ai-d,s short_e d,engine engine engine,bank+seat+text,
same,57,s-a-m-e,s long_a m silent,engine engine engine engine,seat+text,
sand,8,s-a-n-d,s short_a n d,engine engine engine engine,bank+seat+text,
sandbox,39,s-a-n-d-b-o-x,s short_a n d b short_o x,engine engine engine engine engine engine engine,seat+text,
sandwich,42,s-a-n-d-w-i-ch,s short_a n d w short_i ch,engine engine engine engine engine engine engine,seat,
sandy,51,s-a-n-d-y,s short_a n d long_e,engine engine engine engine position,seat+text,
sap,2,s-a-p,s short_a p,engine engine engine,bank+seat,
sat,1,s-a-t,s short_a t,engine engine engine,bank+seat+text,
sauce,82,s-au-ce,s aw s,engine engine engine,seat,
save,57,s-a-ve,s long_a v,engine engine engine,seat+text,
saved,73,s-a-v-e-d,s long_a v silent d,expert expert expert expert expert,seat+text,open-syllable candidate at 72+ - expert decides the vowel
saw,82,s-aw,s aw,engine engine,seat,
say,58,s-ay,s long_a,engine engine,seat,
school,94,s-ch-oo-l,s k oo_moon l,engine engine engine engine,bank+seat+text,
scrap,36,s-c-r-a-p,s k r short_a p,engine engine engine engine engine,seat,
scratch,88,s-c-r-a-tch,s k r short_a ch,engine engine engine engine engine,seat,
scrub,36,s-c-r-u-b,s k r short_u b,engine engine engine engine engine,seat+text,
seat,62,s-ea-t,s long_e t,engine seat-rule engine,seat+text,
see,61,s-ee,s long_e,engine engine,seat+text,
seed,61,s-ee-d,s long_e d,engine engine engine,seat+text,
seem,61,s-ee-m,s long_e m,engine engine engine,seat,
seen,61,s-ee-n,s long_e n,engine engine engine,seat,
set,7,s-e-t,s short_e t,engine engine engine,bank+seat+text,
shack,30,sh-a-ck,sh short_a k,engine engine engine,bank+seat+text,
she,11,sh-e,sh long_e,engine engine,bank+seat+text,
shed,50,sh-e-d,sh short_e d,engine engine engine,bank+seat+text,
sheep,70,sh-ee-p,sh long_e p,engine engine engine,seat+text,
shell,50,sh-e-ll,sh short_e l,engine engine engine,bank+seat+text,
shine,66,sh-i-n-e,sh long_i n silent,engine engine engine engine,seat,
ship,22,sh-i-p,sh short_i p,engine engine engine,bank+seat+text,
shirt,83,sh-ir-t,sh er t,engine engine engine,seat+text,
shop,22,sh-o-p,sh short_o p,engine engine engine,bank+seat+text,
shore,81,sh-ore,sh or,engine engine,seat+text,
shot,22,sh-o-t,sh short_o t,engine engine engine,seat,
shouted,77,sh-ou-t-e-d,sh ow t short_e d,engine engine engine engine engine,seat,
show,65,sh-ow,sh long_o,engine seat-rule,seat,
shrub,22,sh-r-u-b,sh r short_u b,engine engine engine engine,seat+text,
shy,52,sh-y,sh long_i,engine position,seat+text,
sick,30,s-i-ck,s short_i k,engine engine engine,bank+seat,
side,66,s-i-d-e,s long_i d silent,engine engine engine engine,seat+text,
sight,67,s-igh-t,s long_i t,engine engine engine,seat,
silly,51,s-i-ll-y,s short_i l long_e,engine engine engine position,seat,
simple,48,s-i-m-p-le,s short_i m p l,engine engine engine engine engine,seat+text,
sing,28,s-i-ng,s short_i ng,engine engine engine,bank+seat+text,
singer,38,s-i-ng-er,s short_i ng er,engine engine engine engine,seat+text,
singing,37,s-i-ng-i-ng,s short_i ng short_i ng,engine engine engine engine engine,seat+text,
sip,2,s-i-p,s short_i p,engine engine engine,bank+seat+text,
sit,1,s-i-t,s short_i t,engine engine engine,bank+seat+text,
sitting,46,s-i-tt-i-ng,s short_i t short_i ng,engine engine engine engine engine,seat+text,
six,18,s-i-x,s short_i x,engine engine engine,bank+seat+text,
skip,33,s-k-i-p,s k short_i p,engine engine engine engine,bank+seat+text,
skunk,35,s-k-u-n-k,s k short_u n k,engine engine engine engine engine,seat,
sky,52,s-k-y,s k long_i,engine engine position,seat+text,
slam,33,s-l-a-m,s l short_a m,engine engine engine engine,bank+seat,
sled,33,s-l-e-d,s l short_e d,engine engine engine engine,bank+seat+text,
sleep,80,s-l-ee-p,s l long_e p,engine engine engine engine,seat,
sleeping,71,s-l-ee-p-i-ng,s l long_e p short_i ng,engine engine engine engine engine engine,seat+text,
sleigh,59,s-l-eigh,s l long_a,engine engine engine,seat+text,
slid,33,s-l-i-d,s l short_i d,engine engine engine engine,bank+seat+text,
slip,33,s-l-i-p,s l short_i p,engine engine engine engine,bank+seat+text,
slow,65,s-l-ow,s l long_o,engine engine seat-rule,seat,
slowly,65,s-l-ow-l-y,s l long_o l long_e,engine engine seat-rule engine position,seat+text,
sly,52,s-l-y,s l long_i,engine engine position,seat+text,
smell,21,s-m-e-ll,s m short_e l,engine engine engine engine,seat+text,
smelled,44,s-m-e-ll-e-d,s m short_e l silent d,expert expert expert expert expert expert,seat,"the -ed of level 44: voiced stem, e silent, d stays d"
smile,66,s-m-i-le,s m long_i l,expert expert expert expert,seat,
smiled,73,s-m-i-l-e-d,s m long_i l silent d,expert expert expert expert expert expert,seat+text,open-syllable candidate at 72+ - expert decides the vowel
snap,33,s-n-a-p,s n short_a p,engine engine engine engine,bank+seat+text,
snow,65,s-n-ow,s n long_o,engine engine seat-rule,seat,
snug,,s-n-u-g,s n short_u g,engine engine engine engine,bank+text,
so,23,s-o,s long_o,engine engine,bank+seat+text,
social,95,s-o-ci-a-l,s long_o sh short_a l,expert expert expert expert expert,seat,open-syllable candidate at 72+ - expert decides the vowel
sock,30,s-o-ck,s short_o k,engine engine engine,bank+seat+text,
socks,30,s-o-ck-s,s short_o k s,engine engine engine engine,seat+text,
soft,11,s-o-f-t,s short_o f t,engine engine engine engine,bank+seat+text,
softly,53,s-o-f-t-l-y,s short_o f t l long_e,engine engine engine engine engine position,seat+text,
soil,78,s-oi-l,s oi l,engine engine engine,seat+text,
sold,68,s-o-l-d,s long_o l d,engine lesson-68 engine engine,seat,
some,64,s-o-m-e,s short_u m silent,engine engine engine engine,bank+seat+text,
something,28,s-o-m-e-th-i-ng,s short_u m silent th_quiet short_i ng,expert expert expert expert expert expert expert,seat+text,expert table said short_e for the silent e; corrected on application per the expert's own inflection pattern
soon,74,s-oo-n,s oo_moon n,engine seat-rule engine,seat+text,
sore,81,s-ore,s or,engine engine,seat+text,
sound,77,s-ou-n-d,s ow n d,engine engine engine engine,seat+text,
sounds,77,s-ou-n-d-s,s ow n d z,expert expert expert expert expert,seat,final s buzzes to z after a voiced sound
special,95,s-p-e-ci-a-l,s p short_e sh short_a l,engine engine engine engine engine engine,seat+text,
spelled,44,s-p-e-ll-e-d,s p short_e l silent d,expert expert expert expert expert expert,seat,"the -ed of level 44: voiced stem, e silent, d stays d"
spied,53,s-p-ie-d,s p long_i d,expert expert expert expert,seat+text,
spilled,44,s-p-i-ll-e-d,s p short_i l silent d,expert expert expert expert expert expert,seat,"the -ed of level 44: voiced stem, e silent, d stays d"
spin,33,s-p-i-n,s p short_i n,engine engine engine engine,bank+seat+text,
splash,36,s-p-l-a-sh,s p l short_a sh,engine engine engine engine engine,seat+text,
split,36,s-p-l-i-t,s p l short_i t,engine engine engine engine engine,seat+text,
spoil,78,s-p-oi-l,s p oi l,engine engine engine engine,seat,
spoonful,98,s-p-oo-n-f-u-l,s p oo_moon n f short_u l,expert expert expert expert expert expert expert,seat,
spot,3,s-p-o-t,s p short_o t,engine engine engine engine,bank+seat+text,
spots,6,s-p-o-t-s,s p short_o t s,engine engine engine engine engine,seat+text,
spread,69,s-p-r-ea-d,s p r short_e d,engine engine engine seat-rule engine,seat,
spring,36,s-p-r-i-ng,s p r short_i ng,engine engine engine engine engine,seat+text,
spy,52,s-p-y,s p long_i,engine engine position,seat+text,
squash,29,s-qu-a-sh,s qu short_o sh,expert expert expert expert,seat,
stamp,35,s-t-a-m-p,s t short_a m p,engine engine engine engine engine,seat,
stand,35,s-t-a-n-d,s t short_a n d,engine engine engine engine engine,seat,
start,79,s-t-ar-t,s t ar t,engine engine engine engine,seat+text,
started,79,s-t-ar-t-e-d,s t ar t short_e d,engine engine engine engine engine engine,seat,
station,95,s-t-a-ti-o-n,s t long_a sh schwa n,expert expert expert expert expert expert,seat+text,open-syllable candidate at 72+ - expert decides the vowel
stay,58,s-t-ay,s t long_a,engine engine engine,seat+text,
stem,33,s-t-e-m,s t short_e m,engine engine engine engine,bank+seat+text,
step,7,s-t-e-p,s t short_e p,engine engine engine engine,bank+seat+text,
stomach,94,s-t-o-m-a-ch,s t short_u m short_a k,expert expert expert expert expert expert,seat+text,open-syllable candidate at 72+ - expert decides the vowel
stomp,35,s-t-o-m-p,s t short_o m p,engine engine engine engine engine,seat,
stop,3,s-t-o-p,s t short_o p,engine engine engine engine,bank+seat+text,
stopped,46,s-t-o-pp-e-d,s t short_o p silent t,expert expert expert expert expert expert,seat+text,"the -ed of level 43: voiceless stem, e silent, d says t"
stopping,46,s-t-o-pp-i-ng,s t short_o p short_i ng,engine engine engine engine engine engine,seat,
store,81,s-t-ore,s t or,engine engine engine,seat+text,
story,81,s-t-or-y,s t or long_e,expert expert expert expert,seat+text,
strap,36,s-t-r-a-p,s t r short_a p,engine engine engine engine engine,seat,
straw,82,s-t-r-aw,s t r aw,engine engine engine engine,seat,
string,36,s-t-r-i-ng,s t r short_i ng,engine engine engine engine engine,seat+text,
strip,36,s-t-r-i-p,s t r short_i p,engine engine engine engine engine,seat,
strong,36,s-t-r-o-ng,s t r short_o ng,engine engine engine engine engine,seat,
such,23,s-u-ch,s short_u ch,engine engine engine,bank+seat,
sun,14,s-u-n,s short_u n,engine engine engine,bank+seat+text,
sunny,56,s-u-nn-y,s short_u n long_e,engine engine engine position,seat+text,
sunset,20,s-u-n-s-e-t,s short_u n s short_e t,engine engine engine engine engine engine,seat+text,
survey,83,s-ur-v-ey,s er v long_a,expert expert expert expert,seat,
swam,17,s-w-a-m,s w short_a m,engine engine engine engine,bank+seat+text,
swan,33,s-w-a-n,s w short_o n,expert expert expert expert,seat+text,
swap,33,s-w-a-p,s w short_o p,expert expert expert expert,seat+text,
swim,17,s-w-i-m,s w short_i m,engine engine engine engine,bank+seat+text,
swimming,46,s-w-i-mm-i-ng,s w short_i m short_i ng,engine engine engine engine engine engine,seat+text,
table,72,t-a-b-le,t long_a b l,expert expert expert expert,seat+text,open-syllable candidate at 72+ - expert decides the vowel
tag,,t-a-g,t short_a g,engine engine engine,bank+text,
tail,58,t-ai-l,t long_a l,engine engine engine,seat+text,
take,60,t-a-k-e,t long_a k silent,engine engine engine engine,seat+text,
talk,86,t-al-k,t aw k,engine engine engine,seat,
talked,86,t-al-k-e-d,t aw k silent t,expert expert expert expert expert,seat+text,"the -ed of level 43: voiceless stem, e silent, d says t"
talking,86,t-al-k-i-ng,t aw k short_i ng,engine engine engine engine engine,seat,
talks,86,t-al-k-s,t aw k s,engine engine engine engine,seat,
tame,60,t-a-m-e,t long_a m silent,engine engine engine engine,seat+text,
tan,2,t-a-n,t short_a n,engine engine engine,bank+seat,
tap,2,t-a-p,t short_a p,engine engine engine,bank+seat+text,
tar,79,t-ar,t ar,engine engine,seat,
teach,100,t-ea-ch,t long_e ch,expert expert expert,seat,
teacher,100,t-ea-ch-er,t long_e ch er,expert expert expert expert,seat,
teaching,62,t-ea-ch-i-ng,t long_e ch short_i ng,engine seat-rule engine engine engine,seat,
teeth,80,t-ee-th,t long_e th_quiet,engine engine engine,seat,
tell,21,t-e-ll,t short_e l,engine engine engine,bank+seat+text,
ten,7,t-e-n,t short_e n,engine engine engine,bank+seat+text,
tent,7,t-e-n-t,t short_e n t,engine engine engine engine,bank+seat+text,
tents,32,t-e-n-t-s,t short_e n t s,engine engine engine engine engine,seat,
than,25,th-a-n,th_this short_a n,expert expert expert,seat+text,
thank,24,th-a-n-k,th_quiet short_a n k,engine engine engine engine,seat+text,
thankful,24,th-a-n-k-f-u-l,th_quiet short_a n k f short_u l,engine engine engine engine engine engine engine,seat,
that,25,th-a-t,th_this short_a t,engine engine engine,bank+seat+text,
the,3,th-e,th_this schwa,engine engine,bank+seat+text,
them,25,th-e-m,th_this short_e m,engine engine engine,bank+seat+text,
then,25,th-e-n,th_this short_e n,engine engine engine,bank+seat+text,
there,25,th-ere,th_this air,engine engine,bank+seat+text,
these,63,th-e-se,th_this long_e z,expert expert expert,seat+text,
they,18,th-ey,th_this long_a,engine engine,bank+seat+text,
thick,,th-i-ck,th_quiet short_i k,engine engine engine,bank+text,
thin,24,th-i-n,th_quiet short_i n,engine engine engine,bank+seat+text,
thing,50,th-i-ng,th_quiet short_i ng,engine engine engine,seat+text,
things,56,th-i-ng-s,th_quiet short_i ng z,expert expert expert expert,seat+text,final s buzzes to z after a voiced sound
think,24,th-i-n-k,th_quiet short_i n k,engine engine engine engine,bank+seat+text,
third,83,th-ir-d,th_quiet er d,engine engine engine,seat,
this,25,th-i-s,th_this short_i s,engine engine engine,bank+seat+text,
thistle,93,th-i-s-tle,th_quiet short_i s l,engine engine engine engine,seat,open-syllable candidate at 72+ - expert decides the vowel
those,64,th-o-se,th_this long_o z,expert expert expert,seat,
though,92,th-ough,th_this long_o,engine engine,bank+seat+text,
thought,92,th-ough-t,th_quiet aw t,engine seat-rule engine,seat,
thread,69,th-r-ea-d,th_quiet r short_e d,engine engine seat-rule engine,seat,
through,92,th-r-ough,th_quiet r oo_moon,engine engine engine,bank+seat,
throw,65,th-r-ow,th_quiet r long_o,engine engine seat-rule,seat+text,
thud,24,th-u-d,th_quiet short_u d,engine engine engine,bank+seat,
thumb,,th-u-mb,th_quiet short_u m,engine engine engine,bank+text,
thump,24,th-u-m-p,th_quiet short_u m p,engine engine engine engine,seat,
thunder,42,th-u-n-d-er,th_quiet short_u n d er,engine engine engine engine engine,seat,
tie,67,t-ie,t long_i,engine seat-rule,seat,
tiger,72,t-i-g-er,t long_i g er,expert expert expert expert,seat,open-syllable candidate at 72+ - expert decides the vowel
tigers,72,t-i-g-er-s,t long_i g er z,expert expert expert expert expert,seat,open-syllable candidate at 72+ - expert decides the vowel
time,66,t-i-m-e,t long_i m silent,engine engine engine engine,seat+text,
tin,2,t-i-n,t short_i n,engine engine engine,bank+seat+text,
tip,2,t-i-p,t short_i p,engine engine engine,bank+seat+text,
to,6,t-o,t oo_moon,engine engine,bank+seat+text,
toe,65,t-oe,t long_o,engine engine,seat,
together,,t-o-g-e-th-er,t short_u g short_e th_this er,expert expert expert expert expert expert,text,
told,68,t-o-l-d,t long_o l d,engine lesson-68 engine engine,seat+text,
tom,,t-o-m,t short_o m,engine engine engine,text,
too,74,t-oo,t oo_moon,engine seat-rule,seat+text,
took,75,t-oo-k,t oo_book k,engine seat-rule engine,seat+text,
tooth,74,t-oo-th,t oo_moon th_quiet,engine seat-rule engine,seat,
top,3,t-o-p,t short_o p,engine engine engine,bank+seat+text,
tops,6,t-o-p-s,t short_o p s,engine engine engine engine,bank+seat,
tore,81,t-ore,t or,engine engine,seat+text,
torn,81,t-or-n,t or n,engine engine engine,seat,
toss,,t-o-ss,t short_o s,engine engine engine,text,
tot,3,t-o-t,t short_o t,engine engine engine,bank+seat,
tough,92,t-ough,t uf,engine engine,bank+seat+text,
town,77,t-ow-n,t ow n,engine seat-rule engine,seat,
toy,78,t-oy,t oi,engine engine,seat+text,
trap,34,t-r-a-p,t r short_a p,engine engine engine engine,bank+seat,
tree,90,t-r-ee,t r long_e,engine engine engine,seat,
trees,90,t-r-ee-s,t r long_e z,expert expert expert expert,seat,final s buzzes to z after a voiced sound
tried,53,t-r-ie-d,t r long_i d,expert expert expert expert,seat+text,
true,76,t-r-ue,t r oo_moon,engine engine engine,seat+text,
trunk,35,t-r-u-n-k,t r short_u n k,engine engine engine engine engine,seat,
try,52,t-r-y,t r long_i,engine engine position,seat+text,
tub,14,t-u-b,t short_u b,engine engine engine,bank+seat+text,
turn,83,t-ur-n,t er n,engine engine engine,seat+text,
twin,56,t-w-i-n,t w short_i n,engine engine engine engine,bank+seat+text,
umbrella,21,u-m-b-r-e-ll-a,short_u m b r short_e l short_a,engine engine engine engine engine engine engine,seat+text,
uncle,97,u-n-c-le,short_u n k l,engine engine engine engine,seat+text,open-syllable candidate at 72+ - expert decides the vowel
under,97,u-n-d-er,short_u n d er,engine engine engine engine,seat+text,open-syllable candidate at 72+ - expert decides the vowel
undo,40,u-n-d-o,short_u n d oo_moon,expert expert expert expert,seat,
unfair,85,u-n-f-air,short_u n f air,engine engine engine engine,seat,open-syllable candidate at 72+ - expert decides the vowel
unhappy,60,u-n-h-a-pp-y,short_u n h short_a p long_e,engine engine engine engine engine position,seat,
unlock,50,u-n-l-o-ck,short_u n l short_o k,engine engine engine engine engine,seat+text,
up,14,u-p,short_u p,engine engine,bank+seat+text,
us,20,u-s,short_u s,engine engine,bank+seat+text,
use,76,u-se,long_u s,engine engine,seat,
useful,98,u-s-e-f-u-l,long_u s silent f short_u l,expert expert expert expert expert expert,seat+text,open-syllable candidate at 72+ - expert decides the vowel
valley,63,v-al-l-ey,v short_a l long_e,expert expert expert expert,seat+text,
van,16,v-a-n,v short_a n,engine engine engine,bank+seat+text,
vat,16,v-a-t,v short_a t,engine engine engine,bank+seat,
very,51,v-er-y,v er long_e,expert expert expert,seat+text,
waffle,48,w-a-ff-le,w short_o f l,expert expert expert expert,seat,
walk,86,w-al-k,w aw k,engine engine engine,seat,
walked,86,w-al-k-e-d,w aw k silent t,expert expert expert expert expert,seat+text,"the -ed of level 43: voiceless stem, e silent, d says t"
walking,86,w-al-k-i-ng,w aw k short_i ng,engine engine engine engine engine,seat,
wallet,55,w-al-l-e-t,w short_o l short_e t,expert expert expert expert expert,seat,judgment-call accepted: GA short_o
wand,55,w-a-n-d,w short_o n d,expert expert expert expert,seat+text,
want,17,w-a-n-t,w short_o n t,engine engine engine engine,bank+seat+text,
wanted,45,w-a-n-t-e-d,w short_o n t short_e d,expert expert expert expert expert expert,seat+text,
was,14,w-a-s,w short_u z,engine engine engine,bank+seat+text,
wash,22,w-a-sh,w short_o sh,engine engine engine,bank+seat+text,
watch,88,w-a-tch,w short_o ch,expert expert expert,seat,
water,55,w-a-t-er,w short_o t er,expert expert expert expert,seat+text,
waves,57,w-a-v-e-s,w long_a v silent z,expert expert expert expert expert,seat+text,
wax,55,w-a-x,w short_a x,engine engine engine,bank+seat+text,
way,58,w-ay,w long_a,engine engine,seat+text,
we,8,w-e,w long_e,engine engine,bank+seat+text,
weather,69,w-ea-th-er,w short_e th_this er,expert expert expert expert,seat,
web,56,w-e-b,w short_e b,engine engine engine,bank+seat+text,
weigh,59,w-eigh,w long_a,engine engine,seat+text,
weight,59,w-eigh-t,w long_a t,engine engine engine,seat+text,
well,30,w-e-ll,w short_e l,engine engine engine,bank+seat+text,
went,17,w-e-n-t,w short_e n t,engine engine engine engine,bank+seat+text,
were,83,w-ere,w er,engine engine,bank+seat+text,
wet,17,w-e-t,w short_e t,engine engine engine,bank+seat+text,
whack,27,wh-a-ck,w short_a k,engine engine engine,bank+seat,
wham,27,wh-a-m,w short_a m,engine engine engine,bank+seat,
what,27,wh-a-t,w short_u t,engine engine engine,bank+seat+text,
when,27,wh-e-n,w short_e n,engine engine engine,bank+seat+text,
where,85,wh-ere,w air,engine seat-rule,seat+text,
whiff,27,wh-i-ff,w short_i f,engine engine engine,bank+seat+text,
whim,27,wh-i-m,w short_i m,engine engine engine,bank+seat,
whip,27,wh-i-p,w short_i p,engine engine engine,bank+seat,
whisper,42,wh-i-s-p-er,w short_i s p er,engine engine engine engine engine,seat,
whistle,93,wh-i-s-tle,w short_i s l,engine engine engine engine,seat+text,open-syllable candidate at 72+ - expert decides the vowel
white,66,wh-i-t-e,w long_i t silent,engine engine engine engine,seat+text,
whizz,27,wh-i-zz,w short_i z,engine engine engine,bank+seat,
why,52,wh-y,w long_i,engine position,seat+text,
wig,,w-i-g,w short_i g,engine engine engine,bank+text,
wild,68,w-i-l-d,w long_i l d,engine lesson-68 engine engine,seat+text,
will,40,w-i-ll,w short_i l,engine engine engine,bank+seat+text,
win,17,w-i-n,w short_i n,engine engine engine,bank+seat+text,
windmill,42,w-i-n-d-m-i-ll,w short_i n d m short_i l,engine engine engine engine engine engine engine,seat+text,
window,65,w-i-n-d-ow,w short_i n d long_o,engine engine engine engine seat-rule,seat,
windy,60,w-i-n-d-y,w short_i n d long_e,engine engine engine engine position,seat+text,
wish,22,w-i-sh,w short_i sh,engine engine engine,bank+seat+text,
wishes,47,w-i-sh-e-s,w short_i sh short_e z,expert expert expert expert expert,seat+text,final s buzzes to z after a voiced sound
with,25,w-i-th,w short_i th_this,engine engine engine,bank+seat+text,
wonderful,54,w-o-n-d-er-f-u-l,w short_u n d er f short_u l,expert expert expert expert expert expert expert expert,seat+text,
word,,w-or-d,w er d,expert expert expert,text,
worker,81,w-or-k-er,w er k er,expert expert expert expert,seat,
wow,77,w-ow,w ow,engine seat-rule,seat,
wrap,89,wr-a-p,r short_a p,engine engine engine,bank+seat+text,
wreck,89,wr-e-ck,r short_e k,engine engine engine,bank+seat,
wren,89,wr-e-n,r short_e n,engine engine engine,bank+seat+text,
wrestle,93,wr-e-s-tle,r short_e s l,engine engine engine engine,seat,
wrong,89,wr-o-ng,r short_o ng,engine engine engine,bank+seat+text,
yak,19,y-a-k,y short_a k,engine engine engine,bank+seat+text,
yam,19,y-a-m,y short_a m,engine engine engine,bank+seat+text,
yap,19,y-a-p,y short_a p,engine engine engine,bank+seat,
yard,79,y-ar-d,y ar d,engine engine engine,seat,
yawn,82,y-aw-n,y aw n,engine engine engine,seat,
year,84,y-ear,y ear,engine engine,seat+text,
yell,40,y-e-ll,y short_e l,engine engine engine,seat+text,
yelled,44,y-e-ll-e-d,y short_e l silent d,expert expert expert expert expert,seat+text,"the -ed of level 44: voiced stem, e silent, d stays d"
yelling,37,y-e-ll-i-ng,y short_e l short_i ng,engine engine engine engine engine,seat+text,
yellow,65,y-e-ll-ow,y short_e l long_o,engine engine engine seat-rule,seat,
yes,19,y-e-s,y short_e s,engine engine engine,bank+seat+text,
yesterday,70,y-e-s-t-er-d-ay,y short_e s t er d long_a,engine engine engine engine engine engine engine,seat,
yet,19,y-e-t,y short_e t,engine engine engine,bank+seat+text,
you,12,y-ou,y oo_moon,engine engine,bank+seat+text,
you'll,,y-ou-'-ll,y oo_moon silent l,expert expert expert expert,text,no seat to rule by - expert decides; contraction kept whole by sentenceWords - passage or credit line
young,77,y-ou-ng,y short_u ng,expert expert expert,seat+text,
zap,18,z-a-p,z short_a p,engine engine engine,bank+seat+text,
zip,18,z-i-p,z short_i p,engine engine engine,bank+seat+text,
zoom,74,z-oo-m,z oo_moon m,engine seat-rule engine,seat+text,
beds,,b-e-d-s,b short_e d z,engine,bank,shipped-bank word outside ladder and texts - appended when the lexicon gate found the generator had dropped the class
bolt,68,b-o-l-t,b long_o l t,expert expert expert expert,bank,"the 93-row follow-up review: /bolt/ says long o, the cold/gold class; was a LIVE wrong sound-out in the shipped bank, bent the same day; seated at 68 the same evening - the o-before-two lesson, the class remedy, flagged for the owner"
bond,,b-o-n-d,b short_o n d,engine,bank,shipped-bank word outside ladder and texts - appended when the lexicon gate found the generator had dropped the class
brag,,b-r-a-g,b r short_a g,engine,bank,shipped-bank word outside ladder and texts - appended when the lexicon gate found the generator had dropped the class
bump,,b-u-m-p,b short_u m p,engine,bank,shipped-bank word outside ladder and texts - appended when the lexicon gate found the generator had dropped the class
chap,,ch-a-p,ch short_a p,engine,bank,shipped-bank word outside ladder and texts - appended when the lexicon gate found the generator had dropped the class
chuck,,ch-u-ck,ch short_u k,engine,bank,shipped-bank word outside ladder and texts - appended when the lexicon gate found the generator had dropped the class
chug,,ch-u-g,ch short_u g,engine,bank,shipped-bank word outside ladder and texts - appended when the lexicon gate found the generator had dropped the class
damp,,d-a-m-p,d short_a m p,engine,bank,shipped-bank word outside ladder and texts - appended when the lexicon gate found the generator had dropped the class
dent,,d-e-n-t,d short_e n t,engine,bank,shipped-bank word outside ladder and texts - appended when the lexicon gate found the generator had dropped the class
ding,,d-i-ng,d short_i ng,engine,bank,shipped-bank word outside ladder and texts - appended when the lexicon gate found the generator had dropped the class
dusk,,d-u-s-k,d short_u s k,engine,bank,shipped-bank word outside ladder and texts - appended when the lexicon gate found the generator had dropped the class
fond,,f-o-n-d,f short_o n d,engine,bank,shipped-bank word outside ladder and texts - appended when the lexicon gate found the generator had dropped the class
gulf,,g-u-l-f,g short_u l f,engine,bank,shipped-bank word outside ladder and texts - appended when the lexicon gate found the generator had dropped the class
gulp,,g-u-l-p,g short_u l p,engine,bank,shipped-bank word outside ladder and texts - appended when the lexicon gate found the generator had dropped the class
hint,,h-i-n-t,h short_i n t,engine,bank,shipped-bank word outside ladder and texts - appended when the lexicon gate found the generator had dropped the class
jig,,j-i-g,j short_i g,engine,bank,shipped-bank word outside ladder and texts - appended when the lexicon gate found the generator had dropped the class
jug,,j-u-g,j short_u g,engine,bank,shipped-bank word outside ladder and texts - appended when the lexicon gate found the generator had dropped the class
keg,,k-e-g,k short_e g,engine,bank,shipped-bank word outside ladder and texts - appended when the lexicon gate found the generator had dropped the class
kept,,k-e-p-t,k short_e p t,engine,bank,shipped-bank word outside ladder and texts - appended when the lexicon gate found the generator had dropped the class
last,,l-a-s-t,l short_a s t,engine,bank,shipped-bank word outside ladder and texts - appended when the lexicon gate found the generator had dropped the class
lend,,l-e-n-d,l short_e n d,engine,bank,shipped-bank word outside ladder and texts - appended when the lexicon gate found the generator had dropped the class
list,,l-i-s-t,l short_i s t,engine,bank,shipped-bank word outside ladder and texts - appended when the lexicon gate found the generator had dropped the class
lug,,l-u-g,l short_u g,engine,bank,shipped-bank word outside ladder and texts - appended when the lexicon gate found the generator had dropped the class
mask,,m-a-s-k,m short_a s k,engine,bank,shipped-bank word outside ladder and texts - appended when the lexicon gate found the generator had dropped the class
math,,m-a-th,m short_a th_quiet,engine,bank,shipped-bank word outside ladder and texts - appended when the lexicon gate found the generator had dropped the class
melt,,m-e-l-t,m short_e l t,engine,bank,shipped-bank word outside ladder and texts - appended when the lexicon gate found the generator had dropped the class
mend,,m-e-n-d,m short_e n d,engine,bank,shipped-bank word outside ladder and texts - appended when the lexicon gate found the generator had dropped the class
mug,,m-u-g,m short_u g,engine,bank,shipped-bank word outside ladder and texts - appended when the lexicon gate found the generator had dropped the class
nab,,n-a-b,n short_a b,engine,bank,shipped-bank word outside ladder and texts - appended when the lexicon gate found the generator had dropped the class
nag,,n-a-g,n short_a g,engine,bank,shipped-bank word outside ladder and texts - appended when the lexicon gate found the generator had dropped the class
neck,,n-e-ck,n short_e k,engine,bank,shipped-bank word outside ladder and texts - appended when the lexicon gate found the generator had dropped the class
nix,,n-i-x,n short_i x,engine,bank,shipped-bank word outside ladder and texts - appended when the lexicon gate found the generator had dropped the class
nun,,n-u-n,n short_u n,engine,bank,shipped-bank word outside ladder and texts - appended when the lexicon gate found the generator had dropped the class
pad,,p-a-d,p short_a d,engine,bank,shipped-bank word outside ladder and texts - appended when the lexicon gate found the generator had dropped the class
peck,,p-e-ck,p short_e k,engine,bank,shipped-bank word outside ladder and texts - appended when the lexicon gate found the generator had dropped the class
peg,,p-e-g,p short_e g,engine,bank,shipped-bank word outside ladder and texts - appended when the lexicon gate found the generator had dropped the class
pep,,p-e-p,p short_e p,engine,bank,shipped-bank word outside ladder and texts - appended when the lexicon gate found the generator had dropped the class
ping,,p-i-ng,p short_i ng,engine,bank,shipped-bank word outside ladder and texts - appended when the lexicon gate found the generator had dropped the class
pod,,p-o-d,p short_o d,engine,bank,shipped-bank word outside ladder and texts - appended when the lexicon gate found the generator had dropped the class
posh,,p-o-sh,p short_o sh,engine,bank,shipped-bank word outside ladder and texts - appended when the lexicon gate found the generator had dropped the class
puck,,p-u-ck,p short_u k,engine,bank,shipped-bank word outside ladder and texts - appended when the lexicon gate found the generator had dropped the class
puff,,p-u-ff,p short_u f,engine,bank,shipped-bank word outside ladder and texts - appended when the lexicon gate found the generator had dropped the class
pump,,p-u-m-p,p short_u m p,engine,bank,shipped-bank word outside ladder and texts - appended when the lexicon gate found the generator had dropped the class
pun,,p-u-n,p short_u n,engine,bank,shipped-bank word outside ladder and texts - appended when the lexicon gate found the generator had dropped the class
push,,p-u-sh,p oo_book sh,engine,bank,shipped-bank word outside ladder and texts - appended when the lexicon gate found the generator had dropped the class
raft,,r-a-f-t,r short_a f t,engine,bank,shipped-bank word outside ladder and texts - appended when the lexicon gate found the generator had dropped the class
rang,,r-a-ng,r short_a ng,engine,bank,shipped-bank word outside ladder and texts - appended when the lexicon gate found the generator had dropped the class
rash,,r-a-sh,r short_a sh,engine,bank,shipped-bank word outside ladder and texts - appended when the lexicon gate found the generator had dropped the class
rib,,r-i-b,r short_i b,engine,bank,shipped-bank word outside ladder and texts - appended when the lexicon gate found the generator had dropped the class
rim,,r-i-m,r short_i m,engine,bank,shipped-bank word outside ladder and texts - appended when the lexicon gate found the generator had dropped the class
ring,,r-i-ng,r short_i ng,engine,bank,shipped-bank word outside ladder and texts - appended when the lexicon gate found the generator had dropped the class
risk,,r-i-s-k,r short_i s k,engine,bank,shipped-bank word outside ladder and texts - appended when the lexicon gate found the generator had dropped the class
rob,,r-o-b,r short_o b,engine,bank,shipped-bank word outside ladder and texts - appended when the lexicon gate found the generator had dropped the class
rot,,r-o-t,r short_o t,engine,bank,shipped-bank word outside ladder and texts - appended when the lexicon gate found the generator had dropped the class
rung,,r-u-ng,r short_u ng,engine,bank,shipped-bank word outside ladder and texts - appended when the lexicon gate found the generator had dropped the class
rush,,r-u-sh,r short_u sh,engine,bank,shipped-bank word outside ladder and texts - appended when the lexicon gate found the generator had dropped the class
sag,,s-a-g,s short_a g,engine,bank,shipped-bank word outside ladder and texts - appended when the lexicon gate found the generator had dropped the class
sang,,s-a-ng,s short_a ng,engine,bank,shipped-bank word outside ladder and texts - appended when the lexicon gate found the generator had dropped the class
sash,,s-a-sh,s short_a sh,engine,bank,shipped-bank word outside ladder and texts - appended when the lexicon gate found the generator had dropped the class
sax,,s-a-x,s short_a x,engine,bank,shipped-bank word outside ladder and texts - appended when the lexicon gate found the generator had dropped the class
sham,,sh-a-m,sh short_a m,engine,bank,shipped-bank word outside ladder and texts - appended when the lexicon gate found the generator had dropped the class
shin,,sh-i-n,sh short_i n,engine,bank,shipped-bank word outside ladder and texts - appended when the lexicon gate found the generator had dropped the class
shock,,sh-o-ck,sh short_o k,engine,bank,shipped-bank word outside ladder and texts - appended when the lexicon gate found the generator had dropped the class
shun,,sh-u-n,sh short_u n,engine,bank,shipped-bank word outside ladder and texts - appended when the lexicon gate found the generator had dropped the class
shut,,sh-u-t,sh short_u t,engine,bank,shipped-bank word outside ladder and texts - appended when the lexicon gate found the generator had dropped the class
sift,,s-i-f-t,s short_i f t,engine,bank,shipped-bank word outside ladder and texts - appended when the lexicon gate found the generator had dropped the class
silk,,s-i-l-k,s short_i l k,engine,bank,shipped-bank word outside ladder and texts - appended when the lexicon gate found the generator had dropped the class
sob,,s-o-b,s short_o b,engine,bank,shipped-bank word outside ladder and texts - appended when the lexicon gate found the generator had dropped the class
song,,s-o-ng,s short_o ng,engine,bank,shipped-bank word outside ladder and texts - appended when the lexicon gate found the generator had dropped the class
sub,,s-u-b,s short_u b,engine,bank,shipped-bank word outside ladder and texts - appended when the lexicon gate found the generator had dropped the class
sum,,s-u-m,s short_u m,engine,bank,shipped-bank word outside ladder and texts - appended when the lexicon gate found the generator had dropped the class
sung,,s-u-ng,s short_u ng,engine,bank,shipped-bank word outside ladder and texts - appended when the lexicon gate found the generator had dropped the class
tab,,t-a-b,t short_a b,engine,bank,shipped-bank word outside ladder and texts - appended when the lexicon gate found the generator had dropped the class
tack,,t-a-ck,t short_a k,engine,bank,shipped-bank word outside ladder and texts - appended when the lexicon gate found the generator had dropped the class
task,,t-a-s-k,t short_a s k,engine,bank,shipped-bank word outside ladder and texts - appended when the lexicon gate found the generator had dropped the class
tick,,t-i-ck,t short_i k,engine,bank,shipped-bank word outside ladder and texts - appended when the lexicon gate found the generator had dropped the class
trim,,t-r-i-m,t r short_i m,engine,bank,shipped-bank word outside ladder and texts - appended when the lexicon gate found the generator had dropped the class
trip,,t-r-i-p,t r short_i p,engine,bank,shipped-bank word outside ladder and texts - appended when the lexicon gate found the generator had dropped the class
tuck,,t-u-ck,t short_u k,engine,bank,shipped-bank word outside ladder and texts - appended when the lexicon gate found the generator had dropped the class
tug,,t-u-g,t short_u g,engine,bank,shipped-bank word outside ladder and texts - appended when the lexicon gate found the generator had dropped the class
twig,,t-w-i-g,t w short_i g,engine,bank,shipped-bank word outside ladder and texts - appended when the lexicon gate found the generator had dropped the class
vet,,v-e-t,v short_e t,engine,bank,shipped-bank word outside ladder and texts - appended when the lexicon gate found the generator had dropped the class
vex,,v-e-x,v short_e x,engine,bank,shipped-bank word outside ladder and texts - appended when the lexicon gate found the generator had dropped the class
wag,,w-a-g,w short_a g,engine,bank,shipped-bank word outside ladder and texts - appended when the lexicon gate found the generator had dropped the class
wed,,w-e-d,w short_e d,engine,bank,shipped-bank word outside ladder and texts - appended when the lexicon gate found the generator had dropped the class
which,,wh-i-ch,w short_i ch,engine,bank,shipped-bank word outside ladder and texts - appended when the lexicon gate found the generator had dropped the class
wick,,w-i-ck,w short_i k,engine,bank,shipped-bank word outside ladder and texts - appended when the lexicon gate found the generator had dropped the class
wilt,,w-i-l-t,w short_i l t,engine,bank,shipped-bank word outside ladder and texts - appended when the lexicon gate found the generator had dropped the class
wing,,w-i-ng,w short_i ng,engine,bank,shipped-bank word outside ladder and texts - appended when the lexicon gate found the generator had dropped the class
wit,,w-i-t,w short_i t,engine,bank,shipped-bank word outside ladder and texts - appended when the lexicon gate found the generator had dropped the class
zag,,z-a-g,z short_a g,engine,bank,shipped-bank word outside ladder and texts - appended when the lexicon gate found the generator had dropped the class
zig,,z-i-g,z short_i g,engine,bank,shipped-bank word outside ladder and texts - appended when the lexicon gate found the generator had dropped the class
